# WaveFront *.obj file (generated by Cinema 4D)

mtllib ./Atari(2).mtl

v -14.473595 15.814616 94.159310
v -14.473595 15.414431 93.759126
v -14.873779 15.414431 94.159310
v -14.730195 15.671031 94.188483
v -14.444422 15.671031 93.902710
v -14.730195 15.385258 93.902710
v -14.662433 15.603190 93.970552
v -14.873779 1.467242 94.159310
v -14.158500 0.940836 122.791405
v -14.158500 1.782336 123.632905
v -15.000000 1.782336 122.791405
v -15.000000 15.099337 122.791405
v -14.158500 15.099337 123.632905
v -14.158500 15.940836 122.791405
v 15.000000 1.782336 122.791405
v 14.158500 1.782336 123.632905
v 14.158500 0.940836 122.791405
v 14.158500 15.940836 122.791405
v 14.158500 15.099337 123.632905
v 15.000000 15.099337 122.791405
v 14.158500 1.782336 93.632905
v 15.000000 1.782336 94.474405
v 14.158500 0.940836 94.474405
v 14.158500 15.940836 94.474405
v 15.000000 15.099337 94.474405
v 14.158500 15.099337 93.632905
v -15.000000 1.782336 94.474405
v -14.158500 1.782336 93.632905
v -14.158500 0.940836 94.474405
v -14.158500 15.940836 94.474405
v -14.158500 15.099337 93.632905
v -15.000000 15.099337 94.474405
v -14.940917 1.782336 123.101157
v -14.753530 1.782336 123.386436
v -14.468252 1.782336 123.573822
v -14.158500 1.472585 123.573822
v -14.158500 1.187306 123.386436
v -14.158500 0.999920 123.101157
v -14.468252 0.999920 122.791405
v -14.753530 1.187306 122.791405
v -14.940917 1.472585 122.791405
v -14.158500 15.881753 123.101157
v -14.158500 15.694367 123.386436
v -14.158500 15.409088 123.573822
v -14.468252 15.099337 123.573822
v -14.753530 15.099337 123.386436
v -14.940917 15.099337 123.101157
v -14.940917 15.409088 122.791405
v -14.753530 15.694367 122.791405
v -14.468252 15.881753 122.791405
v 14.158500 0.999920 123.101157
v 14.158500 1.187306 123.386436
v 14.158500 1.472585 123.573822
v 14.468252 1.782336 123.573822
v 14.753530 1.782336 123.386436
v 14.940917 1.782336 123.101157
v 14.940917 1.472585 122.791405
v 14.753530 1.187306 122.791405
v 14.468252 0.999920 122.791405
v 14.940917 15.099337 123.101157
v 14.753530 15.099337 123.386436
v 14.468252 15.099337 123.573822
v 14.158500 15.409088 123.573822
v 14.158500 15.694367 123.386436
v 14.158500 15.881753 123.101157
v 14.468252 15.881753 122.791405
v 14.753530 15.694367 122.791405
v 14.940917 15.409088 122.791405
v 14.468252 0.999920 94.474405
v 14.753530 1.187306 94.474405
v 14.940917 1.472585 94.474405
v 14.940917 1.782336 94.164653
v 14.753530 1.782336 93.879375
v 14.468252 1.782336 93.691988
v 14.158500 1.472585 93.691988
v 14.158500 1.187306 93.879375
v 14.158500 0.999920 94.164653
v 14.468252 15.099337 93.691988
v 14.753530 15.099337 93.879375
v 14.940917 15.099337 94.164653
v 14.940917 15.409088 94.474405
v 14.753530 15.694367 94.474405
v 14.468252 15.881753 94.474405
v 14.158500 15.881753 94.164653
v 14.158500 15.694367 93.879375
v 14.158500 15.409088 93.691988
v -14.158500 0.999920 94.164653
v -14.158500 1.187306 93.879375
v -14.158500 1.472585 93.691988
v -14.468252 1.782336 93.691988
v -14.753530 1.782336 93.879375
v -14.940917 1.782336 94.164653
v -14.940917 1.472585 94.474405
v -14.753530 1.187306 94.474405
v -14.468252 0.999920 94.474405
v -14.940917 15.099337 94.164653
v -14.753530 15.099337 93.879375
v -14.468252 15.099337 93.691988
v -14.158500 15.409088 93.691988
v -14.158500 15.694367 93.879375
v -14.158500 15.881753 94.164653
v -14.468252 15.881753 94.474405
v -14.753530 15.694367 94.474405
v -14.940917 15.409088 94.474405
v -14.662433 1.278483 123.295258
v -14.730195 1.496415 123.363100
v -14.444422 1.210642 123.363100
v -14.730195 1.210642 123.077327
v -14.873779 1.467242 123.106500
v -14.473595 1.467242 123.506684
v -14.473595 1.067057 123.106500
v -14.662353 15.603269 123.295258
v -14.444422 15.671031 123.363100
v -14.730195 15.385258 123.363100
v -14.730195 15.671031 123.077327
v -14.473595 15.814616 123.106500
v -14.473595 15.414431 123.506684
v -14.873779 15.414431 123.106500
v 14.662353 1.278404 123.295258
v 14.444422 1.210642 123.363100
v 14.730195 1.496415 123.363100
v 14.730195 1.210642 123.077327
v 14.473595 1.067057 123.106500
v 14.473595 1.467242 123.506684
v 14.873779 1.467242 123.106500
v 14.662433 15.603190 123.295258
v 14.730195 15.385258 123.363100
v 14.444422 15.671031 123.363100
v 14.730195 15.671031 123.077327
v 14.873779 15.414431 123.106500
v 14.473595 15.414431 123.506684
v 14.473595 15.814616 123.106500
v 14.662353 1.278404 93.970552
v 14.730195 1.210642 94.188483
v 14.730195 1.496415 93.902710
v 14.444422 1.210642 93.902710
v 14.473595 1.067057 94.159310
v 14.873779 1.467242 94.159310
v 14.473595 1.467242 93.759126
v 14.662353 15.603190 93.970472
v 14.730195 15.385258 93.902710
v 14.730195 15.671031 94.188483
v 14.444422 15.671031 93.902710
v 14.473595 15.414431 93.759126
v 14.873779 15.414431 94.159310
v 14.473595 15.814616 94.159310
v -14.662353 1.278404 93.970552
v -14.444422 1.210642 93.902710
v -14.730195 1.496415 93.902710
v -14.730195 1.210642 94.188483
v -14.473595 1.067057 94.159310
v -14.473595 1.467242 93.759126
# 152 vertices

vn -0.095897 -0.095897 0.990761
vn -0.095896 0.095896 0.990761
vn 0.095896 0.095896 0.990761
vn 0.095897 -0.095897 0.990761
vn 0.990761 -0.095897 0.095897
vn 0.990761 0.095897 0.095897
vn 0.990761 0.095897 -0.095897
vn 0.990761 -0.095897 -0.095897
vn 0.095897 -0.095897 -0.990761
vn 0.095896 0.095896 -0.990761
vn -0.095896 0.095896 -0.990761
vn -0.095897 -0.095897 -0.990761
vn -0.990761 -0.095898 -0.095897
vn -0.990761 0.095897 -0.095897
vn -0.990761 0.095897 0.095897
vn -0.990761 -0.095898 0.095897
vn -0.095899 0.990761 0.095898
vn -0.095899 0.990761 -0.095898
vn 0.095899 0.990761 -0.095898
vn 0.095899 0.990761 0.095898
vn -0.095898 -0.990761 -0.095897
vn -0.095898 -0.990761 0.095897
vn 0.095898 -0.990761 0.095897
vn 0.095898 -0.990761 -0.095897
vn -0.882006 -0.333217 0.333215
vn -0.924929 -0.370361 0.085666
vn -0.924929 -0.085667 0.370360
vn -0.333217 0.882006 0.333215
vn -0.370362 0.924929 0.085666
vn -0.085668 0.924929 0.370361
vn 0.333217 -0.882006 0.333215
vn 0.370361 -0.924929 0.085666
vn 0.085667 -0.924929 0.370360
vn 0.882006 0.333217 0.333215
vn 0.924929 0.370361 0.085666
vn 0.924929 0.085667 0.370360
vn 0.333217 -0.882006 -0.333215
vn 0.085667 -0.924929 -0.370360
vn 0.370361 -0.924929 -0.085666
vn 0.333217 0.333218 -0.882005
vn 0.085667 0.370359 -0.924930
vn 0.370359 0.085667 -0.924930
vn -0.333217 -0.882006 -0.333215
vn -0.370361 -0.924929 -0.085666
vn -0.085667 -0.924929 -0.370360
vn -0.882006 0.333217 -0.333215
vn -0.924929 0.370361 -0.085666
vn -0.924929 0.085667 -0.370360
vn -0.924929 0.085667 0.370360
vn 0.085668 0.924929 0.370361
vn 0.924929 -0.085667 0.370360
vn -0.085667 -0.924929 0.370360
vn 0.370362 0.924929 -0.085666
vn 0.370362 0.924929 0.085666
vn 0.370359 -0.085667 -0.924930
vn -0.085668 0.924929 -0.370361
vn 0.085668 0.924929 -0.370361
vn -0.924929 -0.085667 -0.370360
vn -0.370362 0.924929 -0.085666
vn -0.370361 -0.924929 0.085666
vn -0.333231 -0.333227 0.881996
vn -0.370359 -0.085667 0.924930
vn -0.085667 -0.370359 0.924930
vn -0.333232 -0.881996 0.333226
vn -0.577377 -0.577337 0.577336
vn -0.673838 -0.673812 0.303183
vn -0.673838 -0.303185 0.673811
vn -0.705206 -0.705206 0.073273
vn -0.705205 -0.073275 0.705206
vn -0.303203 -0.673821 0.673820
vn -0.073275 -0.705205 0.705207
vn -0.333227 0.333231 0.881996
vn -0.085667 0.370359 0.924930
vn -0.370359 0.085667 0.924930
vn -0.881996 0.333231 0.333226
vn -0.924929 0.370361 0.085666
vn -0.577336 0.577378 0.577336
vn -0.673811 0.673839 0.303182
vn -0.303184 0.673838 0.673811
vn -0.705206 0.705206 0.073272
vn -0.073274 0.705206 0.705206
vn -0.673820 0.303203 0.673821
vn -0.705205 0.073275 0.705207
vn 0.333227 -0.333231 0.881996
vn 0.085667 -0.370359 0.924930
vn 0.370359 -0.085667 0.924930
vn 0.881996 -0.333231 0.333226
vn 0.924929 -0.370361 0.085666
vn 0.577337 -0.577378 0.577336
vn 0.673812 -0.673838 0.303182
vn 0.303185 -0.673838 0.673811
vn 0.705206 -0.705206 0.073273
vn 0.073275 -0.705205 0.705207
vn 0.673820 -0.303203 0.673820
vn 0.705205 -0.073275 0.705206
vn 0.333231 0.333227 0.881996
vn 0.370359 0.085667 0.924930
vn 0.085667 0.370359 0.924930
vn 0.333232 0.881996 0.333226
vn 0.577377 0.577337 0.577336
vn 0.673838 0.673812 0.303182
vn 0.673838 0.303185 0.673811
vn 0.705206 0.705206 0.073272
vn 0.705205 0.073275 0.705207
vn 0.303203 0.673821 0.673820
vn 0.073274 0.705206 0.705206
vn 0.881996 -0.333231 -0.333226
vn 0.924929 -0.370361 -0.085666
vn 0.924929 -0.085667 -0.370360
vn 0.333227 -0.333231 -0.881996
vn 0.085667 -0.370359 -0.924930
vn 0.577337 -0.577378 -0.577336
vn 0.303185 -0.673838 -0.673811
vn 0.673812 -0.673838 -0.303182
vn 0.073275 -0.705205 -0.705207
vn 0.705206 -0.705206 -0.073273
vn 0.673820 -0.303203 -0.673820
vn 0.705205 -0.073275 -0.705207
vn 0.881996 0.333228 -0.333230
vn 0.924929 0.085667 -0.370360
vn 0.924929 0.370361 -0.085666
vn 0.333228 0.881996 -0.333231
vn 0.577337 0.577338 -0.577376
vn 0.303186 0.673812 -0.673837
vn 0.673811 0.303187 -0.673837
vn 0.073274 0.705206 -0.705206
vn 0.705205 0.073275 -0.705207
vn 0.673821 0.673821 -0.303201
vn 0.705206 0.705206 -0.073272
vn -0.333227 -0.333231 -0.881996
vn -0.085667 -0.370359 -0.924930
vn -0.370359 -0.085667 -0.924930
vn -0.881996 -0.333231 -0.333226
vn -0.924929 -0.370361 -0.085666
vn -0.577337 -0.577378 -0.577336
vn -0.673812 -0.673838 -0.303182
vn -0.303185 -0.673838 -0.673811
vn -0.705206 -0.705206 -0.073273
vn -0.073275 -0.705205 -0.705207
vn -0.673820 -0.303203 -0.673820
vn -0.705205 -0.073275 -0.705206
vn -0.333231 0.333227 -0.881996
vn -0.370359 0.085667 -0.924930
vn -0.085667 0.370359 -0.924930
vn -0.333232 0.881996 -0.333226
vn -0.577377 0.577337 -0.577336
vn -0.673838 0.673812 -0.303182
vn -0.673838 0.303185 -0.673811
vn -0.705206 0.705206 -0.073272
vn -0.705205 0.073275 -0.705207
vn -0.303203 0.673821 -0.673820
vn -0.073274 0.705206 -0.705206
# 152 normals

vt 0.257012 0.389025 0.000000
vt 0.257012 0.610975 0.000000
vt 0.492988 0.610975 0.000000
vt 0.492988 0.389025 0.000000
vt 0.507012 0.389025 0.000000
vt 0.507012 0.610975 0.000000
vt 0.742988 0.610975 0.000000
vt 0.742988 0.389025 0.000000
vt 0.757012 0.389025 0.000000
vt 0.757012 0.610975 0.000000
vt 0.992988 0.610975 0.000000
vt 0.992988 0.389025 0.000000
vt 0.007012 0.389025 0.000000
vt 0.007012 0.610975 0.000000
vt 0.242987 0.610975 0.000000
vt 0.242987 0.389025 0.000000
vt 0.257012 0.632012 0.000000
vt 0.257012 0.867988 0.000000
vt 0.492988 0.867988 0.000000
vt 0.492988 0.632012 0.000000
vt 0.257012 0.132012 0.000000
vt 0.257012 0.367988 0.000000
vt 0.492988 0.367988 0.000000
vt 0.492988 0.132012 0.000000
vt 0.245613 0.383773 0.000000
vt 0.242987 0.383862 0.000000
vt 0.245569 0.389025 0.000000
vt 0.254387 0.629387 0.000000
vt 0.254431 0.632012 0.000000
vt 0.257012 0.629431 0.000000
vt 0.495613 0.370613 0.000000
vt 0.495569 0.367988 0.000000
vt 0.492988 0.370569 0.000000
vt 0.504387 0.616227 0.000000
vt 0.507012 0.616138 0.000000
vt 0.504431 0.610975 0.000000
vt 0.495613 0.129387 0.000000
vt 0.492988 0.129431 0.000000
vt 0.495569 0.132012 0.000000
vt 0.754387 0.616227 0.000000
vt 0.757012 0.616138 0.000000
vt 0.754431 0.610975 0.000000
vt 0.254387 0.129387 0.000000
vt 0.254431 0.132012 0.000000
vt 0.257012 0.129431 0.000000
vt 0.004387 0.616227 0.000000
vt 0.007012 0.616138 0.000000
vt 0.004431 0.610975 0.000000
vt 0.245569 0.610975 0.000000
vt 0.492988 0.629431 0.000000
vt 0.504431 0.389025 0.000000
vt 0.257012 0.370569 0.000000
vt 0.495569 0.867988 0.000000
vt 0.495569 0.632012 0.000000
vt 0.754431 0.389025 0.000000
vt 0.257012 0.870569 0.000000
vt 0.492988 0.870569 0.000000
vt 0.004431 0.389025 0.000000
vt 0.254431 0.867988 0.000000
vt 0.254431 0.367988 0.000000
vt 0.254387 0.383773 0.000000
vt 0.254431 0.389025 0.000000
vt 0.257012 0.383862 0.000000
vt 0.254387 0.370613 0.000000
vt 0.252813 0.372186 0.000000
vt 0.252248 0.370370 0.000000
vt 0.251052 0.370613 0.000000
vt 0.252248 0.372752 0.000000
vt 0.252054 0.367988 0.000000
vt 0.250492 0.367988 0.000000
vt 0.247752 0.384260 0.000000
vt 0.247946 0.389025 0.000000
vt 0.254387 0.373948 0.000000
vt 0.254630 0.372752 0.000000
vt 0.252248 0.384260 0.000000
vt 0.252054 0.389025 0.000000
vt 0.257012 0.374508 0.000000
vt 0.257012 0.372946 0.000000
vt 0.254387 0.616227 0.000000
vt 0.257012 0.616138 0.000000
vt 0.254431 0.610975 0.000000
vt 0.245613 0.616227 0.000000
vt 0.242987 0.616138 0.000000
vt 0.252814 0.627814 0.000000
vt 0.252248 0.629630 0.000000
vt 0.254630 0.627248 0.000000
vt 0.252054 0.632012 0.000000
vt 0.257012 0.627054 0.000000
vt 0.254387 0.626052 0.000000
vt 0.252248 0.627248 0.000000
vt 0.257012 0.625492 0.000000
vt 0.252248 0.615740 0.000000
vt 0.252054 0.610975 0.000000
vt 0.251052 0.629387 0.000000
vt 0.247752 0.615740 0.000000
vt 0.247946 0.610975 0.000000
vt 0.250492 0.632012 0.000000
vt 0.495613 0.383773 0.000000
vt 0.492988 0.383862 0.000000
vt 0.495569 0.389025 0.000000
vt 0.504387 0.383773 0.000000
vt 0.507012 0.383862 0.000000
vt 0.497186 0.372186 0.000000
vt 0.497752 0.370370 0.000000
vt 0.495370 0.372752 0.000000
vt 0.497946 0.367988 0.000000
vt 0.492988 0.372946 0.000000
vt 0.495613 0.373948 0.000000
vt 0.497752 0.372752 0.000000
vt 0.492988 0.374508 0.000000
vt 0.497752 0.384260 0.000000
vt 0.497946 0.389025 0.000000
vt 0.498948 0.370613 0.000000
vt 0.502248 0.384260 0.000000
vt 0.502054 0.389025 0.000000
vt 0.499508 0.367988 0.000000
vt 0.495613 0.616227 0.000000
vt 0.495569 0.610975 0.000000
vt 0.492988 0.616138 0.000000
vt 0.495613 0.629387 0.000000
vt 0.497187 0.627814 0.000000
vt 0.497752 0.629630 0.000000
vt 0.498948 0.629387 0.000000
vt 0.497752 0.627248 0.000000
vt 0.497946 0.632012 0.000000
vt 0.499508 0.632012 0.000000
vt 0.502248 0.615740 0.000000
vt 0.502054 0.610975 0.000000
vt 0.495613 0.626052 0.000000
vt 0.495370 0.627248 0.000000
vt 0.497752 0.615740 0.000000
vt 0.497946 0.610975 0.000000
vt 0.492988 0.625492 0.000000
vt 0.492988 0.627054 0.000000
vt 0.745613 0.383773 0.000000
vt 0.742988 0.383862 0.000000
vt 0.745569 0.389025 0.000000
vt 0.754387 0.383773 0.000000
vt 0.757012 0.383862 0.000000
vt 0.497186 0.127814 0.000000
vt 0.495370 0.127248 0.000000
vt 0.497752 0.129630 0.000000
vt 0.492988 0.127054 0.000000
vt 0.497946 0.132012 0.000000
vt 0.498948 0.129387 0.000000
vt 0.497752 0.127248 0.000000
vt 0.499508 0.132012 0.000000
vt 0.747752 0.384260 0.000000
vt 0.747946 0.389025 0.000000
vt 0.495613 0.126052 0.000000
vt 0.752248 0.384260 0.000000
vt 0.752054 0.389025 0.000000
vt 0.492988 0.125492 0.000000
vt 0.745613 0.616227 0.000000
vt 0.745569 0.610975 0.000000
vt 0.742988 0.616138 0.000000
vt 0.495613 0.870613 0.000000
vt 0.497186 0.872187 0.000000
vt 0.495370 0.872752 0.000000
vt 0.495613 0.873948 0.000000
vt 0.497752 0.872752 0.000000
vt 0.492988 0.872946 0.000000
vt 0.492988 0.874508 0.000000
vt 0.752248 0.615740 0.000000
vt 0.752054 0.610975 0.000000
vt 0.498948 0.870613 0.000000
vt 0.497752 0.870370 0.000000
vt 0.747752 0.615740 0.000000
vt 0.747946 0.610975 0.000000
vt 0.499508 0.867988 0.000000
vt 0.497946 0.867988 0.000000
vt 0.995613 0.383773 0.000000
vt 0.992988 0.383862 0.000000
vt 0.995569 0.389025 0.000000
vt 0.004387 0.383773 0.000000
vt 0.007012 0.383862 0.000000
vt 0.252814 0.127814 0.000000
vt 0.252248 0.129630 0.000000
vt 0.254630 0.127248 0.000000
vt 0.252054 0.132012 0.000000
vt 0.257012 0.127054 0.000000
vt 0.254387 0.126052 0.000000
vt 0.252248 0.127248 0.000000
vt 0.257012 0.125492 0.000000
vt 0.997752 0.384260 0.000000
vt 0.997946 0.389025 0.000000
vt 0.251052 0.129387 0.000000
vt 0.002248 0.384260 0.000000
vt 0.002054 0.389025 0.000000
vt 0.250492 0.132012 0.000000
vt 0.995613 0.616227 0.000000
vt 0.995569 0.610975 0.000000
vt 0.992988 0.616138 0.000000
vt 0.254387 0.870613 0.000000
vt 0.252813 0.872186 0.000000
vt 0.252248 0.870370 0.000000
vt 0.251052 0.870613 0.000000
vt 0.252248 0.872752 0.000000
vt 0.252054 0.867988 0.000000
vt 0.250492 0.867988 0.000000
vt 0.002248 0.615740 0.000000
vt 0.002054 0.610975 0.000000
vt 0.254387 0.873948 0.000000
vt 0.254630 0.872752 0.000000
vt 0.997752 0.615740 0.000000
vt 0.997946 0.610975 0.000000
vt 0.257012 0.874508 0.000000
vt 0.257012 0.872946 0.000000
# 208 texture coordinates

o controller
usemtl Mat.2_1
f 16/4/4 19/3/3 13/2/2 10/1/1
f 22/8/8 25/7/7 20/6/6 15/5/5
f 28/12/12 31/11/11 26/10/10 21/9/9
f 11/16/16 12/15/15 32/14/14 27/13/13
f 18/20/20 24/19/19 30/18/18 14/17/17
f 23/24/24 17/23/23 9/22/22 29/21/21
f 33/27/27 11/16/16 41/26/26 109/25/25
f 42/30/30 14/17/17 50/29/29 116/28/28
f 51/33/33 17/23/23 59/32/32 123/31/31
f 60/36/36 20/6/6 68/35/35 130/34/34
f 69/39/39 23/24/24 77/38/38 137/37/37
f 78/42/42 26/10/10 86/41/41 144/40/40
f 87/45/45 29/21/21 95/44/44 151/43/43
f 96/48/48 32/14/14 104/47/47 3/46/46
f 33/27/27 47/49/49 12/15/15 11/16/16
f 42/30/30 65/50/50 18/20/20 14/17/17
f 60/36/36 56/51/51 15/5/5 20/6/6
f 51/33/33 38/52/52 9/22/22 17/23/23
f 66/54/54 83/53/53 24/19/19 18/20/20
f 78/42/42 74/55/55 21/9/9 26/10/10
f 69/39/39 59/32/32 17/23/23 23/24/24
f 84/57/57 101/56/56 30/18/18 24/19/19
f 96/48/48 92/58/58 27/13/13 32/14/14
f 87/45/45 77/38/38 23/24/24 29/21/21
f 102/59/59 50/29/29 14/17/17 30/18/18
f 39/60/60 95/44/44 29/21/21 9/22/22
f 36/63/63 10/1/1 35/62/62 110/61/61
f 39/60/60 9/22/22 38/52/52 111/64/64
f 106/68/67 109/67/25 108/66/66 105/65/65
f 109/67/25 41/70/26 40/69/68 108/66/66
f 34/72/69 33/27/27 109/25/25 106/71/67
f 107/74/70 110/73/61 106/68/67 105/65/65
f 110/61/61 35/62/62 34/76/69 106/75/67
f 37/78/71 36/77/63 110/73/61 107/74/70
f 108/66/66 111/64/64 107/74/70 105/65/65
f 111/64/64 38/52/52 37/78/71 107/74/70
f 40/69/68 39/60/60 111/64/64 108/66/66
f 45/81/74 13/2/2 44/80/73 117/79/72
f 48/83/76 12/15/15 47/49/49 118/82/75
f 113/86/79 116/28/28 115/85/78 112/84/77
f 116/28/28 50/29/29 49/87/80 115/85/78
f 43/88/81 42/30/30 116/28/28 113/86/79
f 114/90/82 117/89/72 113/86/79 112/84/77
f 117/89/72 44/91/73 43/88/81 113/86/79
f 46/93/83 45/81/74 117/79/72 114/92/82
f 115/85/78 118/94/75 114/90/82 112/84/77
f 118/82/75 47/49/49 46/96/83 114/95/82
f 49/87/80 48/97/76 118/94/75 115/85/78
f 54/100/86 16/4/4 53/99/85 124/98/84
f 57/102/88 15/5/5 56/51/51 125/101/87
f 120/105/91 123/31/31 122/104/90 119/103/89
f 123/31/31 59/32/32 58/106/92 122/104/90
f 52/107/93 51/33/33 123/31/31 120/105/91
f 121/109/94 124/108/84 120/105/91 119/103/89
f 124/108/84 53/110/85 52/107/93 120/105/91
f 55/112/95 54/100/86 124/98/84 121/111/94
f 122/104/90 125/113/87 121/109/94 119/103/89
f 125/101/87 56/51/51 55/115/95 121/114/94
f 58/106/92 57/116/88 125/113/87 122/104/90
f 63/119/98 19/3/3 62/118/97 131/117/96
f 66/54/54 18/20/20 65/50/50 132/120/99
f 127/124/102 130/123/34 129/122/101 126/121/100
f 130/123/34 68/126/35 67/125/103 129/122/101
f 61/128/104 60/36/36 130/34/34 127/127/102
f 128/130/105 131/129/96 127/124/102 126/121/100
f 131/117/96 62/118/97 61/132/104 127/131/102
f 64/134/106 63/133/98 131/129/96 128/130/105
f 129/122/101 132/120/99 128/130/105 126/121/100
f 132/120/99 65/50/50 64/134/106 128/130/105
f 67/125/103 66/54/54 132/120/99 129/122/101
f 72/137/109 22/8/8 71/136/108 138/135/107
f 75/139/111 21/9/9 74/55/55 139/138/110
f 134/142/114 137/37/37 136/141/113 133/140/112
f 137/37/37 77/38/38 76/143/115 136/141/113
f 70/144/116 69/39/39 137/37/37 134/142/114
f 135/146/117 138/145/107 134/142/114 133/140/112
f 138/145/107 71/147/108 70/144/116 134/142/114
f 73/149/118 72/137/109 138/135/107 135/148/117
f 136/141/113 139/150/110 135/146/117 133/140/112
f 139/138/110 74/55/55 73/152/118 135/151/117
f 76/143/115 75/153/111 139/150/110 136/141/113
f 81/156/121 25/7/7 80/155/120 145/154/119
f 84/57/57 24/19/19 83/53/53 146/157/122
f 141/161/125 144/160/40 143/159/124 140/158/123
f 144/160/40 86/163/41 85/162/126 143/159/124
f 79/165/127 78/42/42 144/40/40 141/164/125
f 142/167/128 145/166/119 141/161/125 140/158/123
f 145/154/119 80/155/120 79/169/127 141/168/125
f 82/171/129 81/170/121 145/166/119 142/167/128
f 143/159/124 146/157/122 142/167/128 140/158/123
f 146/157/122 83/53/53 82/171/129 142/167/128
f 85/162/126 84/57/57 146/157/122 143/159/124
f 90/174/132 28/12/12 89/173/131 152/172/130
f 93/176/134 27/13/13 92/58/58 8/175/133
f 148/179/137 151/43/43 150/178/136 147/177/135
f 151/43/43 95/44/44 94/180/138 150/178/136
f 88/181/139 87/45/45 151/43/43 148/179/137
f 149/183/140 152/182/130 148/179/137 147/177/135
f 152/182/130 89/184/131 88/181/139 148/179/137
f 91/186/141 90/174/132 152/172/130 149/185/140
f 150/178/136 8/187/133 149/183/140 147/177/135
f 8/175/133 92/58/58 91/189/141 149/188/140
f 94/180/138 93/190/134 8/187/133 150/178/136
f 99/193/144 31/11/11 98/192/143 2/191/142
f 102/59/59 30/18/18 101/56/56 1/194/145
f 6/198/148 3/197/46 4/196/147 7/195/146
f 3/197/46 104/200/47 103/199/149 4/196/147
f 97/202/150 96/48/48 3/46/46 6/201/148
f 5/204/151 2/203/142 6/198/148 7/195/146
f 2/191/142 98/192/143 97/206/150 6/205/148
f 100/208/152 99/207/144 2/203/142 5/204/151
f 4/196/147 1/194/145 5/204/151 7/195/146
f 1/194/145 101/56/56 100/208/152 5/204/151
f 103/199/149 102/59/59 1/194/145 4/196/147
f 33/27/27 34/72/69 46/96/83 47/49/49
f 34/76/69 35/62/62 45/81/74 46/93/83
f 35/62/62 10/1/1 13/2/2 45/81/74
f 42/30/30 43/88/81 64/134/106 65/50/50
f 43/88/81 44/91/73 63/133/98 64/134/106
f 44/80/73 13/2/2 19/3/3 63/119/98
f 60/36/36 61/128/104 55/115/95 56/51/51
f 61/132/104 62/118/97 54/100/86 55/112/95
f 62/118/97 19/3/3 16/4/4 54/100/86
f 51/33/33 52/107/93 37/78/71 38/52/52
f 52/107/93 53/110/85 36/77/63 37/78/71
f 53/99/85 16/4/4 10/1/1 36/63/63
f 66/54/54 67/125/103 82/171/129 83/53/53
f 67/125/103 68/126/35 81/170/121 82/171/129
f 68/35/35 20/6/6 25/7/7 81/156/121
f 78/42/42 79/165/127 73/152/118 74/55/55
f 79/169/127 80/155/120 72/137/109 73/149/118
f 80/155/120 25/7/7 22/8/8 72/137/109
f 69/39/39 70/144/116 58/106/92 59/32/32
f 70/144/116 71/147/108 57/116/88 58/106/92
f 71/136/108 22/8/8 15/5/5 57/102/88
f 84/57/57 85/162/126 100/208/152 101/56/56
f 85/162/126 86/163/41 99/207/144 100/208/152
f 86/41/41 26/10/10 31/11/11 99/193/144
f 96/48/48 97/202/150 91/189/141 92/58/58
f 97/206/150 98/192/143 90/174/132 91/186/141
f 98/192/143 31/11/11 28/12/12 90/174/132
f 87/45/45 88/181/139 76/143/115 77/38/38
f 88/181/139 89/184/131 75/153/111 76/143/115
f 89/173/131 28/12/12 21/9/9 75/139/111
f 102/59/59 103/199/149 49/87/80 50/29/29
f 103/199/149 104/200/47 48/97/76 49/87/80
f 104/47/47 32/14/14 12/15/15 48/83/76
f 39/60/60 40/69/68 94/180/138 95/44/44
f 40/69/68 41/70/26 93/190/134 94/180/138
f 41/26/26 11/16/16 27/13/13 93/176/134

v -8.518867 14.762031 100.422231
v -8.524268 17.364635 100.422231
v -4.028574 14.771350 100.422231
v -4.443977 17.158786 102.238699
v -4.416780 14.770545 98.595860
v -4.514752 17.273619 102.207294
v -5.514275 14.768267 97.085286
v -4.622294 17.348920 102.159483
v -7.131290 14.764911 96.151699
v -5.535521 17.156521 103.741084
v -8.988230 14.761057 95.956527
v -5.587424 17.271392 103.683704
v -10.764013 14.757372 96.533515
v -5.666236 17.346753 103.596349
v -12.151590 14.754492 97.782897
v -7.143770 17.153183 104.669609
v -12.911036 14.752916 99.488644
v -7.167868 17.268112 104.596176
v -12.911036 14.752916 101.355817
v -7.204349 17.343561 104.484381
v -12.151590 14.754492 103.061564
v -8.990642 17.149350 104.863723
v -10.764013 14.757372 104.310947
v -8.982810 17.264346 104.786934
v -8.988230 14.761057 104.887935
v -8.970680 17.339896 104.670031
v -7.131290 14.764911 104.692762
v -10.756797 17.145685 104.289863
v -5.514275 14.768267 103.759176
v -10.718430 17.260744 104.222996
v -4.416780 14.770545 102.248601
v -10.659813 17.336390 104.121197
v -4.033272 17.034795 100.422231
v -4.380711 17.373234 100.422231
v -4.421478 17.033990 98.595860
v -4.738940 17.372491 98.736891
v -5.518972 17.031712 97.085286
v -5.751687 17.370389 97.342961
v -7.135988 17.028356 96.151699
v -7.243839 17.367292 96.481465
v -8.992928 17.024502 95.956527
v -8.957388 17.363736 96.301364
v -10.768711 17.020817 96.533515
v -10.596047 17.360335 96.833797
v -12.156288 17.017937 97.782897
v -11.876476 17.357678 97.986704
v -12.915734 17.016361 99.488644
v -12.577279 17.356224 99.560735
v -12.915734 17.016361 101.355817
v -12.577279 17.356224 101.283727
v -12.156288 17.017937 103.061564
v -11.876476 17.357678 102.857758
v -10.768711 17.020817 104.310947
v -10.596047 17.360335 104.010664
v -8.992928 17.024502 104.887935
v -8.957388 17.363736 104.543098
v -7.135988 17.028356 104.692762
v -7.243839 17.367292 104.362996
v -5.518972 17.031712 103.759176
v -5.751687 17.370389 103.501500
v -4.421478 17.033990 102.248601
v -4.738940 17.372491 102.107571
v -4.057876 17.159587 100.422231
v -4.135326 17.274406 100.422231
v -4.253030 17.349686 100.422231
v -4.622294 17.348920 98.684978
v -4.514752 17.273619 98.637167
v -4.443977 17.158786 98.605762
v -5.666236 17.346753 97.248112
v -5.587424 17.271392 97.160757
v -5.535521 17.156521 97.103377
v -7.204349 17.343561 96.360080
v -7.167868 17.268112 96.248285
v -7.143770 17.153183 96.174853
v -8.970680 17.339896 96.174431
v -8.982810 17.264346 96.057527
v -8.990642 17.149350 95.980738
v -10.659813 17.336390 96.723265
v -10.718430 17.260744 96.621465
v -10.756797 17.145685 96.554598
v -11.979683 17.333651 97.911684
v -12.074624 17.257929 97.842591
v -12.136851 17.142820 97.797207
v -12.702072 17.332152 99.534199
v -12.816894 17.256389 99.509759
v -12.892180 17.141253 99.493706
v -12.702072 17.332152 101.310263
v -12.816894 17.256389 101.334702
v -12.892180 17.141253 101.350756
v -11.979683 17.333651 102.932778
v -12.074624 17.257929 103.001871
v -12.136851 17.142820 103.047255
# 92 vertices

vn 0.002075 -0.999998 -0.000000
vn 0.002075 -0.999998 0.000000
vn 0.002075 -0.999998 0.000000
vn 0.999998 0.002075 0.000000
vn 0.995162 0.098247 0.000000
vn 0.909109 0.098063 -0.404851
vn 0.913543 0.001896 -0.406737
vn 0.089996 0.995942 0.000000
vn -0.002075 0.999998 -0.000000
vn 0.082036 0.995926 -0.037444
vn 0.002075 -0.999998 0.000000
vn 0.665828 0.097552 -0.739700
vn 0.669129 0.001389 -0.743145
vn 0.059534 0.995879 -0.068415
vn 0.002075 -0.999998 0.000000
vn 0.307385 0.096805 -0.946648
vn 0.309017 0.000641 -0.951056
vn 0.026381 0.995810 -0.087554
vn 0.002075 -0.999998 0.000000
vn -0.104243 0.095952 -0.989912
vn -0.104528 -0.000217 -0.994522
vn -0.011690 0.995731 -0.091557
vn 0.002075 -0.999998 0.000000
vn -0.497881 0.095137 -0.862011
vn -0.499999 -0.001038 -0.866025
vn -0.048097 0.995656 -0.079728
vn 0.002076 -0.999998 -0.000000
vn -0.805465 0.094502 -0.585061
vn -0.809015 -0.001679 -0.587785
vn -0.076546 0.995597 -0.054113
vn 0.002076 -0.999998 -0.000000
vn -0.973810 0.094160 -0.206948
vn -0.978145 -0.002030 -0.207911
vn -0.092117 0.995564 -0.019141
vn 0.002076 -0.999998 0.000000
vn -0.973810 0.094163 0.206948
vn -0.978145 -0.002030 0.207912
vn -0.092118 0.995564 0.019141
vn 0.002076 -0.999998 0.000000
vn -0.805464 0.094505 0.585061
vn -0.809015 -0.001679 0.587786
vn -0.076546 0.995596 0.054113
vn 0.002075 -0.999998 -0.000000
vn -0.497881 0.095137 0.862011
vn -0.499999 -0.001038 0.866025
vn -0.048097 0.995656 0.079728
vn 0.002075 -0.999998 -0.000000
vn -0.104245 0.095959 0.989912
vn -0.104530 -0.000217 0.994522
vn -0.011690 0.995731 0.091558
vn 0.002075 -0.999998 -0.000000
vn 0.307383 0.096826 0.946647
vn 0.309015 0.000641 0.951057
vn 0.026382 0.995810 0.087557
vn 0.002075 -0.999998 -0.000000
vn 0.665827 0.097574 0.739699
vn 0.669129 0.001389 0.743145
vn 0.059535 0.995879 0.068416
vn 0.002075 -0.999998 -0.000000
vn 0.909108 0.098073 0.404851
vn 0.913543 0.001896 0.406737
vn 0.082037 0.995926 0.037445
vn 0.334549 0.930395 -0.149810
vn 0.366391 0.930461 0.000000
vn 0.244525 0.930208 -0.273716
vn 0.111887 0.929934 -0.350292
vn -0.040430 0.929617 -0.366301
vn -0.186089 0.929315 -0.318974
vn -0.299908 0.929078 -0.216494
vn -0.362205 0.928947 -0.076579
vn -0.362205 0.928947 0.076579
vn -0.299906 0.929079 0.216492
vn -0.186086 0.929317 0.318969
vn -0.040428 0.929618 0.366300
vn 0.111887 0.929933 0.350295
vn 0.244526 0.930207 0.273717
vn 0.334550 0.930394 0.149810
vn 0.637312 0.716201 -0.284411
vn 0.697766 0.716326 0.000000
vn 0.843254 0.384320 -0.375795
vn 0.923130 0.384489 0.000000
vn 0.466406 0.715846 -0.519645
vn 0.617434 0.383845 -0.686614
vn 0.214597 0.715323 -0.665028
vn 0.284716 0.383150 -0.878711
vn -0.074575 0.714725 -0.695418
vn -0.097370 0.382360 -0.918869
vn -0.351106 0.714154 -0.605565
vn -0.462757 0.381608 -0.800145
vn -0.567188 0.713702 -0.411008
vn -0.748266 0.381016 -0.543070
vn -0.685456 0.713452 -0.145383
vn -0.904528 0.380694 -0.192095
vn -0.685456 0.713452 0.145383
vn -0.904527 0.380697 0.192095
vn -0.567189 0.713701 0.411008
vn -0.748266 0.381015 0.543071
vn -0.351107 0.714152 0.605567
vn -0.462758 0.381599 0.800148
vn -0.074574 0.714724 0.695420
vn -0.097371 0.382362 0.918868
vn 0.214598 0.715319 0.665031
vn 0.284714 0.383164 0.878706
vn 0.466409 0.715840 0.519649
vn 0.617431 0.383857 0.686610
vn 0.637314 0.716198 0.284412
vn 0.843251 0.384326 0.375794
# 107 normals

vt 0.500000 0.000000 0.000000
vt 1.000000 0.000000 0.000000
vt 0.067054 0.000000 0.000000
vt 0.000000 1.000000 0.000000
vt 1.000000 0.869685 0.000000
vt 1.067054 0.869685 0.000000
vt 1.067054 0.000000 0.000000
vt 1.000000 1.000000 0.000000
vt 0.500000 1.000000 0.000000
vt 1.067114 1.000000 0.000000
vt 0.134201 0.000000 0.000000
vt 0.067054 0.869685 0.000000
vt 0.134201 0.869685 0.000000
vt 0.067114 1.000000 0.000000
vt 0.134311 1.000000 0.000000
vt 0.201409 0.000000 0.000000
vt 0.201409 0.869685 0.000000
vt 0.201549 1.000000 0.000000
vt 0.268494 0.000000 0.000000
vt 0.268494 0.869685 0.000000
vt 0.268640 1.000000 0.000000
vt 0.335214 0.000000 0.000000
vt 0.335214 0.869685 0.000000
vt 0.335339 1.000000 0.000000
vt 0.401427 0.000000 0.000000
vt 0.401427 0.869685 0.000000
vt 0.401511 1.000000 0.000000
vt 0.467200 0.000000 0.000000
vt 0.467200 0.869685 0.000000
vt 0.467229 1.000000 0.000000
vt 0.532800 0.000000 0.000000
vt 0.532800 0.869685 0.000000
vt 0.532771 1.000000 0.000000
vt 0.598573 0.000000 0.000000
vt 0.598573 0.869685 0.000000
vt 0.598489 1.000000 0.000000
vt 0.664786 0.000000 0.000000
vt 0.664786 0.869685 0.000000
vt 0.664661 1.000000 0.000000
vt 0.731506 0.000000 0.000000
vt 0.731506 0.869685 0.000000
vt 0.731360 1.000000 0.000000
vt 0.798591 0.000000 0.000000
vt 0.798591 0.869685 0.000000
vt 0.798451 1.000000 0.000000
vt 0.865799 0.000000 0.000000
vt 0.865799 0.869685 0.000000
vt 0.865689 1.000000 0.000000
vt 0.932946 0.000000 0.000000
vt 0.932946 0.869685 0.000000
vt 0.932886 1.000000 0.000000
vt 1.067091 0.990850 0.000000
vt 1.000000 0.990850 0.000000
vt 0.134268 0.990850 0.000000
vt 0.067091 0.990850 0.000000
vt 0.201495 0.990850 0.000000
vt 0.268583 0.990850 0.000000
vt 0.335291 0.990850 0.000000
vt 0.401478 0.990850 0.000000
vt 0.467218 0.990850 0.000000
vt 0.532782 0.990850 0.000000
vt 0.598522 0.990850 0.000000
vt 0.664709 0.990850 0.000000
vt 0.731417 0.990850 0.000000
vt 0.798505 0.990850 0.000000
vt 0.865732 0.990850 0.000000
vt 0.932909 0.990850 0.000000
vt 1.067071 0.961832 0.000000
vt 1.000000 0.961832 0.000000
vt 1.067058 0.917653 0.000000
vt 1.000000 0.917653 0.000000
vt 0.134231 0.961832 0.000000
vt 0.067071 0.961832 0.000000
vt 0.134208 0.917653 0.000000
vt 0.067058 0.917653 0.000000
vt 0.201448 0.961832 0.000000
vt 0.201418 0.917653 0.000000
vt 0.268535 0.961832 0.000000
vt 0.268504 0.917653 0.000000
vt 0.335249 0.961832 0.000000
vt 0.335222 0.917653 0.000000
vt 0.401450 0.961832 0.000000
vt 0.401432 0.917653 0.000000
vt 0.467208 0.961832 0.000000
vt 0.467202 0.917653 0.000000
vt 0.532792 0.961832 0.000000
vt 0.532798 0.917653 0.000000
vt 0.598550 0.961832 0.000000
vt 0.598568 0.917653 0.000000
vt 0.664751 0.961832 0.000000
vt 0.664778 0.917653 0.000000
vt 0.731465 0.961832 0.000000
vt 0.731496 0.917653 0.000000
vt 0.798552 0.961832 0.000000
vt 0.798582 0.917653 0.000000
vt 0.865769 0.961832 0.000000
vt 0.865792 0.917653 0.000000
vt 0.932929 0.961832 0.000000
vt 0.932942 0.917653 0.000000
# 99 texture coordinates

o button
usemtl Mat.1_1
f 157/211/155 155/210/154 153/209/153
f 157/215/159 187/214/158 185/213/157 155/210/156
f 188/218/162 154/217/161 186/216/160
f 159/219/163 157/211/155 153/209/153
f 159/219/165 189/221/164 187/220/158 157/211/159
f 190/223/166 154/217/161 188/222/162
f 161/224/167 159/219/163 153/209/153
f 161/224/169 191/225/168 189/221/164 159/219/165
f 192/226/170 154/217/161 190/223/166
f 163/227/171 161/224/167 153/209/153
f 163/227/173 193/228/172 191/225/168 161/224/169
f 194/229/174 154/217/161 192/226/170
f 165/230/175 163/227/171 153/209/153
f 165/230/177 195/231/176 193/228/172 163/227/173
f 196/232/178 154/217/161 194/229/174
f 167/233/179 165/230/175 153/209/153
f 167/233/181 197/234/180 195/231/176 165/230/177
f 198/235/182 154/217/161 196/232/178
f 169/236/183 167/233/179 153/209/153
f 169/236/185 199/237/184 197/234/180 167/233/181
f 200/238/186 154/217/161 198/235/182
f 171/239/187 169/236/183 153/209/153
f 171/239/189 201/240/188 199/237/184 169/236/185
f 202/241/190 154/217/161 200/238/186
f 173/242/191 171/239/187 153/209/153
f 173/242/193 203/243/192 201/240/188 171/239/189
f 204/244/194 154/217/161 202/241/190
f 175/245/195 173/242/191 153/209/153
f 175/245/197 205/246/196 203/243/192 173/242/193
f 206/247/198 154/217/161 204/244/194
f 177/248/199 175/245/195 153/209/153
f 177/248/201 207/249/200 205/246/196 175/245/197
f 208/250/202 154/217/161 206/247/198
f 179/251/203 177/248/199 153/209/153
f 179/251/205 209/252/204 207/249/200 177/248/201
f 210/253/206 154/217/161 208/250/202
f 181/254/207 179/251/203 153/209/153
f 181/254/209 211/255/208 209/252/204 179/251/205
f 212/256/210 154/217/161 210/253/206
f 183/257/211 181/254/207 153/209/153
f 183/257/213 213/258/212 211/255/208 181/254/209
f 214/259/214 154/217/161 212/256/210
f 155/210/154 183/257/211 153/209/153
f 155/210/156 185/213/157 213/258/212 183/257/213
f 186/216/160 154/217/161 214/259/214
f 217/261/216 218/260/215 188/218/162 186/216/160
f 218/263/215 221/262/217 190/223/166 188/222/162
f 221/262/217 224/264/218 192/226/170 190/223/166
f 224/264/218 227/265/219 194/229/174 192/226/170
f 227/265/219 230/266/220 196/232/178 194/229/174
f 230/266/220 233/267/221 198/235/182 196/232/178
f 233/267/221 236/268/222 200/238/186 198/235/182
f 236/268/222 239/269/223 202/241/190 200/238/186
f 239/269/223 242/270/224 204/244/194 202/241/190
f 242/270/224 184/271/225 206/247/198 204/244/194
f 184/271/225 178/272/226 208/250/202 206/247/198
f 178/272/226 172/273/227 210/253/206 208/250/202
f 172/273/227 166/274/228 212/256/210 210/253/206
f 166/274/228 160/275/229 214/259/214 212/256/210
f 160/275/229 217/261/216 186/216/160 214/259/214
f 217/261/216 216/277/231 219/276/230 218/260/215
f 216/277/231 215/279/233 220/278/232 219/276/230
f 215/279/233 185/213/157 187/214/158 220/278/232
f 218/263/215 219/281/230 222/280/234 221/262/217
f 219/281/230 220/283/232 223/282/235 222/280/234
f 220/283/232 187/220/158 189/221/164 223/282/235
f 221/262/217 222/280/234 225/284/236 224/264/218
f 222/280/234 223/282/235 226/285/237 225/284/236
f 223/282/235 189/221/164 191/225/168 226/285/237
f 224/264/218 225/284/236 228/286/238 227/265/219
f 225/284/236 226/285/237 229/287/239 228/286/238
f 226/285/237 191/225/168 193/228/172 229/287/239
f 227/265/219 228/286/238 231/288/240 230/266/220
f 228/286/238 229/287/239 232/289/241 231/288/240
f 229/287/239 193/228/172 195/231/176 232/289/241
f 230/266/220 231/288/240 234/290/242 233/267/221
f 231/288/240 232/289/241 235/291/243 234/290/242
f 232/289/241 195/231/176 197/234/180 235/291/243
f 233/267/221 234/290/242 237/292/244 236/268/222
f 234/290/242 235/291/243 238/293/245 237/292/244
f 235/291/243 197/234/180 199/237/184 238/293/245
f 236/268/222 237/292/244 240/294/246 239/269/223
f 237/292/244 238/293/245 241/295/247 240/294/246
f 238/293/245 199/237/184 201/240/188 241/295/247
f 239/269/223 240/294/246 243/296/248 242/270/224
f 240/294/246 241/295/247 244/297/249 243/296/248
f 241/295/247 201/240/188 203/243/192 244/297/249
f 242/270/224 243/296/248 182/298/250 184/271/225
f 243/296/248 244/297/249 180/299/251 182/298/250
f 244/297/249 203/243/192 205/246/196 180/299/251
f 184/271/225 182/298/250 176/300/252 178/272/226
f 182/298/250 180/299/251 174/301/253 176/300/252
f 180/299/251 205/246/196 207/249/200 174/301/253
f 178/272/226 176/300/252 170/302/254 172/273/227
f 176/300/252 174/301/253 168/303/255 170/302/254
f 174/301/253 207/249/200 209/252/204 168/303/255
f 172/273/227 170/302/254 164/304/256 166/274/228
f 170/302/254 168/303/255 162/305/257 164/304/256
f 168/303/255 209/252/204 211/255/208 162/305/257
f 166/274/228 164/304/256 158/306/258 160/275/229
f 164/304/256 162/305/257 156/307/259 158/306/258
f 162/305/257 211/255/208 213/258/212 156/307/259
f 160/275/229 158/306/258 216/277/231 217/261/216
f 158/306/258 156/307/259 215/279/233 216/277/231
f 156/307/259 213/258/212 185/213/157 215/279/233

v 4.259092 18.002055 106.453909
v 4.391408 17.851446 106.273676
v 6.924730 18.002609 111.989890
v 7.146816 17.850848 111.989890
v 4.259092 18.002055 117.525871
v 4.391408 17.851446 117.706105
v -1.731555 18.000802 118.893955
v -1.792423 17.852735 119.112095
v -6.536699 17.999791 115.062779
v -6.744435 17.853715 115.157608
v -6.536699 17.999791 108.917002
v -6.744435 17.853715 108.822173
v -1.731555 18.000802 105.085826
v -1.792423 17.852735 104.867686
v -4.729175 19.702126 114.237668
v -4.548880 19.841714 114.155365
v -1.215733 19.701771 117.045346
v -1.162772 19.842087 116.855544
v 3.174919 19.701301 116.049079
v 3.059394 19.842542 115.891719
v 5.132568 19.701082 111.989890
v 4.938352 19.842741 111.989890
v 3.174919 19.701301 107.930701
v 3.059394 19.842542 108.088061
v -1.215733 19.701771 106.934434
v -1.162772 19.842087 107.124237
v -4.729175 19.702126 109.742113
v -4.548880 19.841714 109.824415
v 4.295178 21.565182 111.989890
v 4.445042 21.358611 111.989890
v 2.671698 21.564252 115.363624
v 2.761421 21.358800 115.485839
v -0.979753 21.562200 116.199638
v -1.021464 21.359231 116.349123
v -3.911414 21.560592 113.864370
v -4.054919 21.359585 113.929879
v -3.911414 21.560592 110.115410
v -4.054919 21.359585 110.049902
v -0.979753 21.562200 107.780142
v -1.021464 21.359231 107.630658
v 2.671698 21.564252 108.616157
v 2.761421 21.358800 108.493942
v 3.677317 19.531342 107.246366
v 3.549627 19.653598 107.420297
v 5.962009 19.530817 111.989890
v 5.747529 19.653806 111.989890
v 3.677317 19.531342 116.733415
v 3.549627 19.653598 116.559484
v -1.455381 19.532529 117.904202
v -1.396734 19.653153 117.694022
v -5.570521 19.533487 114.621731
v -5.370599 19.652816 114.530469
v -5.570521 19.533487 109.358050
v -5.370599 19.652816 109.449311
v -1.455381 19.532529 106.075579
v -1.396734 19.653153 106.285759
v 4.649324 17.754091 105.922359
v 4.764665 17.604031 105.765249
v 7.568807 17.754658 111.989890
v 7.762442 17.603705 111.989890
v 4.649324 17.754091 118.057422
v 4.764665 17.604031 118.214532
v -1.917814 17.752870 119.561473
v -1.970851 17.604772 119.751549
v -7.190918 17.751941 115.361421
v -7.371882 17.605376 115.444029
v -7.190918 17.751941 108.618359
v -7.371882 17.605376 108.535752
v -1.917814 17.752870 104.418307
v -1.970851 17.604772 104.228232
v 2.364079 39.453356 114.954351
v 2.454181 39.325139 115.067336
v -0.843730 39.453356 115.686513
v -0.875887 39.325139 115.827403
v -3.416193 39.453356 113.635042
v -3.546395 39.325139 113.697744
v 2.364079 39.453356 109.025429
v 2.454181 39.325139 108.912444
v 3.791688 39.453356 111.989890
v 3.936201 39.325139 111.989890
v -3.416193 39.453356 110.344738
v -3.546395 39.325139 110.282037
v -0.843730 39.453356 108.293268
v -0.875887 39.325139 108.152378
v -1.949674 17.699596 104.304125
v -0.866469 39.415802 108.193643
v -7.299179 17.699526 108.568940
v -4.617086 19.744980 109.793280
v 7.686002 17.699758 111.989890
v 4.718972 17.699703 105.827490
v 3.893874 39.415802 111.989890
v 2.427791 39.415802 108.945537
v 3.102513 19.745064 115.950452
v 5.010598 19.745080 111.989890
v 3.102513 19.745064 108.029328
v -1.182688 19.745021 107.052861
v -7.299179 17.699526 115.410841
v -3.508260 39.415802 110.300401
v -4.617086 19.744980 114.186501
v -1.182688 19.745021 116.926919
v 4.718972 17.699703 118.152291
v -0.866469 39.415802 115.786137
v -1.949674 17.699596 119.675655
v -3.508260 39.415802 113.679379
v 2.726662 21.471423 108.541288
v -3.998766 21.470677 110.075535
v -1.005215 21.471002 107.688891
v 2.427791 39.415802 115.034244
v -1.005215 21.471002 116.290889
v -3.998766 21.470677 113.904246
v 4.387129 21.471616 111.989890
v 2.726662 21.471423 115.438493
v -6.625529 17.906424 115.103328
v -1.757436 17.906450 118.986710
v -1.757436 17.906450 104.993070
v -6.625529 17.906424 108.876452
v 4.314950 17.906463 106.377822
v -5.485310 19.616642 109.396947
v 4.314950 17.906463 117.601958
v 7.018180 17.906462 111.989890
v 2.454181 21.837860 115.067336
v 5.210580 15.966028 118.821929
v 2.454181 33.581524 115.067336
v 2.454181 27.709692 115.067336
v -0.875887 33.581524 115.827403
v -1.430529 19.616441 106.164646
v -0.875887 21.837860 115.827403
v -0.875887 27.709692 115.827403
v -5.485310 19.616642 114.582833
v -2.182289 15.966028 120.509303
v -3.546395 27.709692 113.697744
v -3.546395 33.581524 113.697744
v -8.110910 15.966028 115.781385
v -3.546395 21.837860 113.697744
v -3.546395 33.581524 110.282037
v -1.430529 19.616441 117.815134
v -3.546395 21.837860 110.282037
v -3.546395 27.709692 110.282037
v 3.623604 19.616195 116.660250
v -8.110910 15.966028 108.198395
v -0.875887 33.581524 108.152378
v -0.875887 27.709692 108.152378
v -0.875887 21.837860 108.152378
v -2.182289 15.966028 103.470478
v 5.872089 19.616087 111.989890
v 2.454181 33.581524 108.912444
v 2.454181 27.709692 108.912444
v 2.454181 21.837860 108.912444
v 5.210580 15.966028 105.157852
v 3.623604 19.616195 107.319530
v 3.936201 33.581524 111.989890
v 3.936201 27.709692 111.989890
v 3.936201 21.837860 111.989890
v 8.500716 15.966028 111.989890
v 0.000000 27.709692 111.989890
v 0.000000 27.709692 111.989890
v 0.000000 15.966028 111.989890
v 0.000000 15.966028 111.989890
v 0.000000 15.966028 111.989890
v 0.000000 15.966028 111.989890
v 0.000000 15.966028 111.989890
v 0.000000 15.966028 111.989890
v 0.000000 15.966028 111.989890
v 0.000000 39.453356 111.989890
v 0.000000 39.453356 111.989890
v 0.000000 39.453356 111.989890
v 0.000000 39.453356 111.989890
v 0.000000 39.453356 111.989890
v 0.000000 39.453356 111.989890
v 0.000000 39.453356 111.989890
v 8.500716 15.966028 111.989890
v 8.500716 15.966028 111.989890
v 8.500716 15.966028 111.989890
v 8.500716 15.966028 111.989890
v 3.936201 21.837860 111.989890
v 3.936201 21.837860 111.989890
v 3.936201 21.837860 111.989890
v 3.936201 21.837860 111.989890
v 3.936201 27.709692 111.989890
v 3.936201 27.709692 111.989890
v 3.936201 27.709692 111.989890
v 3.936201 27.709692 111.989890
v 3.936201 33.581524 111.989890
v 3.936201 33.581524 111.989890
v 3.936201 33.581524 111.989890
v 3.936201 33.581524 111.989890
v 3.623604 19.616195 107.319530
v 3.623604 19.616195 107.319530
v 3.623604 19.616195 107.319530
v 3.623604 19.616195 107.319530
v 5.210580 15.966028 105.157852
v 5.210580 15.966028 105.157852
v 5.210580 15.966028 105.157852
v 5.210580 15.966028 105.157852
v 2.454181 21.837860 108.912444
v 2.454181 21.837860 108.912444
v 2.454181 21.837860 108.912444
v 2.454181 21.837860 108.912444
v 2.454181 27.709692 108.912444
v 2.454181 27.709692 108.912444
v 2.454181 27.709692 108.912444
v 2.454181 27.709692 108.912444
v 2.454181 33.581524 108.912444
v 2.454181 33.581524 108.912444
v 2.454181 33.581524 108.912444
v 2.454181 33.581524 108.912444
v 5.872089 19.616087 111.989890
v 5.872089 19.616087 111.989890
v 5.872089 19.616087 111.989890
v 5.872089 19.616087 111.989890
v -2.182289 15.966028 103.470478
v -2.182289 15.966028 103.470478
v -2.182289 15.966028 103.470478
v -2.182289 15.966028 103.470478
v -0.875887 21.837860 108.152378
v -0.875887 21.837860 108.152378
v -0.875887 21.837860 108.152378
v -0.875887 21.837860 108.152378
v -0.875887 27.709692 108.152378
v -0.875887 27.709692 108.152378
v -0.875887 27.709692 108.152378
v -0.875887 27.709692 108.152378
v -0.875887 33.581524 108.152378
v -0.875887 33.581524 108.152378
v -0.875887 33.581524 108.152378
v -0.875887 33.581524 108.152378
v 3.623604 19.616195 116.660250
v 3.623604 19.616195 116.660250
v 3.623604 19.616195 116.660250
v 3.623604 19.616195 116.660250
v -8.110910 15.966028 108.198395
v -8.110910 15.966028 108.198395
v -8.110910 15.966028 108.198395
v -8.110910 15.966028 108.198395
v -3.546395 21.837860 110.282037
v -3.546395 21.837860 110.282037
v -3.546395 21.837860 110.282037
v -3.546395 21.837860 110.282037
v -3.546395 27.709692 110.282037
v -3.546395 27.709692 110.282037
v -3.546395 27.709692 110.282037
v -3.546395 27.709692 110.282037
v -3.546395 33.581524 110.282037
v -3.546395 33.581524 110.282037
v -3.546395 33.581524 110.282037
v -3.546395 33.581524 110.282037
v -1.430529 19.616441 117.815134
v -1.430529 19.616441 117.815134
v -1.430529 19.616441 117.815134
v -1.430529 19.616441 117.815134
v -8.110910 15.966028 115.781385
v -8.110910 15.966028 115.781385
v -8.110910 15.966028 115.781385
v -8.110910 15.966028 115.781385
v -3.546395 21.837860 113.697744
v -3.546395 21.837860 113.697744
v -3.546395 21.837860 113.697744
v -3.546395 21.837860 113.697744
v -3.546395 27.709692 113.697744
v -3.546395 27.709692 113.697744
v -3.546395 27.709692 113.697744
v -3.546395 27.709692 113.697744
v -3.546395 33.581524 113.697744
v -3.546395 33.581524 113.697744
v -3.546395 33.581524 113.697744
v -3.546395 33.581524 113.697744
v -5.485310 19.616642 114.582833
v -5.485310 19.616642 114.582833
v -5.485310 19.616642 114.582833
v -5.485310 19.616642 114.582833
v -2.182289 15.966028 120.509303
v -2.182289 15.966028 120.509303
v -2.182289 15.966028 120.509303
v -2.182289 15.966028 120.509303
v -0.875887 21.837860 115.827403
v -0.875887 21.837860 115.827403
v -0.875887 21.837860 115.827403
v -0.875887 21.837860 115.827403
v -0.875887 27.709692 115.827403
v -0.875887 27.709692 115.827403
v -0.875887 27.709692 115.827403
v -0.875887 27.709692 115.827403
v -0.875887 33.581524 115.827403
v -0.875887 33.581524 115.827403
v -0.875887 33.581524 115.827403
v -0.875887 33.581524 115.827403
v -1.430529 19.616441 106.164646
v -1.430529 19.616441 106.164646
v -1.430529 19.616441 106.164646
v -1.430529 19.616441 106.164646
v 5.210580 15.966028 118.821929
v 5.210580 15.966028 118.821929
v 5.210580 15.966028 118.821929
v 5.210580 15.966028 118.821929
v 2.454181 21.837860 115.067336
v 2.454181 21.837860 115.067336
v 2.454181 21.837860 115.067336
v 2.454181 21.837860 115.067336
v 2.454181 27.709692 115.067336
v 2.454181 27.709692 115.067336
v 2.454181 27.709692 115.067336
v 2.454181 27.709692 115.067336
v 2.454181 33.581524 115.067336
v 2.454181 33.581524 115.067336
v 2.454181 33.581524 115.067336
v 2.454181 33.581524 115.067336
v -5.485310 19.616642 109.396947
v -5.485310 19.616642 109.396947
v -5.485310 19.616642 109.396947
v -5.485310 19.616642 109.396947
v 4.314950 17.906463 106.377822
v 4.314950 17.906463 106.377822
v 4.314950 17.906463 106.377822
v 4.314950 17.906463 106.377822
v 7.018180 17.906462 111.989890
v 7.018180 17.906462 111.989890
v 7.018180 17.906462 111.989890
v 7.018180 17.906462 111.989890
v 4.314950 17.906463 117.601958
v 4.314950 17.906463 117.601958
v 4.314950 17.906463 117.601958
v 4.314950 17.906463 117.601958
v -1.757436 17.906450 118.986710
v -1.757436 17.906450 118.986710
v -1.757436 17.906450 118.986710
v -1.757436 17.906450 118.986710
v -6.625529 17.906424 115.103328
v -6.625529 17.906424 115.103328
v -6.625529 17.906424 115.103328
v -6.625529 17.906424 115.103328
v -6.625529 17.906424 108.876452
v -6.625529 17.906424 108.876452
v -6.625529 17.906424 108.876452
v -6.625529 17.906424 108.876452
v -1.757436 17.906450 104.993070
v -1.757436 17.906450 104.993070
v -1.757436 17.906450 104.993070
v -1.757436 17.906450 104.993070
v -3.998766 21.470677 113.904246
v -3.998766 21.470677 113.904246
v -3.998766 21.470677 113.904246
v -3.998766 21.470677 113.904246
v -1.005215 21.471002 116.290889
v -1.005215 21.471002 116.290889
v -1.005215 21.471002 116.290889
v -1.005215 21.471002 116.290889
v 2.726662 21.471423 115.438493
v 2.726662 21.471423 115.438493
v 2.726662 21.471423 115.438493
v 2.726662 21.471423 115.438493
v 4.387129 21.471616 111.989890
v 4.387129 21.471616 111.989890
v 4.387129 21.471616 111.989890
v 4.387129 21.471616 111.989890
v 2.726662 21.471423 108.541288
v 2.726662 21.471423 108.541288
v 2.726662 21.471423 108.541288
v 2.726662 21.471423 108.541288
v -3.998766 21.470677 110.075535
v -3.998766 21.470677 110.075535
v -3.998766 21.470677 110.075535
v -3.998766 21.470677 110.075535
v -1.005215 21.471002 107.688891
v -1.005215 21.471002 107.688891
v -1.005215 21.471002 107.688891
v -1.005215 21.471002 107.688891
v 2.427791 39.415802 115.034244
v 2.427791 39.415802 115.034244
v 2.427791 39.415802 115.034244
v 2.427791 39.415802 115.034244
v 4.718972 17.699703 118.152291
v 4.718972 17.699703 118.152291
v 4.718972 17.699703 118.152291
v 4.718972 17.699703 118.152291
v -0.866469 39.415802 115.786137
v -0.866469 39.415802 115.786137
v -0.866469 39.415802 115.786137
v -0.866469 39.415802 115.786137
v -1.949674 17.699596 119.675655
v -1.949674 17.699596 119.675655
v -1.949674 17.699596 119.675655
v -1.949674 17.699596 119.675655
v -3.508260 39.415802 113.679379
v -3.508260 39.415802 113.679379
v -3.508260 39.415802 113.679379
v -3.508260 39.415802 113.679379
v -7.299179 17.699526 115.410841
v -7.299179 17.699526 115.410841
v -7.299179 17.699526 115.410841
v -7.299179 17.699526 115.410841
v -3.508260 39.415802 110.300401
v -3.508260 39.415802 110.300401
v -3.508260 39.415802 110.300401
v -3.508260 39.415802 110.300401
v -4.617086 19.744980 114.186501
v -4.617086 19.744980 114.186501
v -4.617086 19.744980 114.186501
v -4.617086 19.744980 114.186501
v -1.182688 19.745021 116.926919
v -1.182688 19.745021 116.926919
v -1.182688 19.745021 116.926919
v -1.182688 19.745021 116.926919
v 3.102513 19.745064 115.950452
v 3.102513 19.745064 115.950452
v 3.102513 19.745064 115.950452
v 3.102513 19.745064 115.950452
v 5.010598 19.745080 111.989890
v 5.010598 19.745080 111.989890
v 5.010598 19.745080 111.989890
v 5.010598 19.745080 111.989890
v 3.102513 19.745064 108.029328
v 3.102513 19.745064 108.029328
v 3.102513 19.745064 108.029328
v 3.102513 19.745064 108.029328
v -1.182688 19.745021 107.052861
v -1.182688 19.745021 107.052861
v -1.182688 19.745021 107.052861
v -1.182688 19.745021 107.052861
v -4.617086 19.744980 109.793280
v -4.617086 19.744980 109.793280
v -4.617086 19.744980 109.793280
v -4.617086 19.744980 109.793280
v -7.299179 17.699526 108.568940
v -7.299179 17.699526 108.568940
v -7.299179 17.699526 108.568940
v -7.299179 17.699526 108.568940
v -0.866469 39.415802 108.193643
v -0.866469 39.415802 108.193643
v -0.866469 39.415802 108.193643
v -0.866469 39.415802 108.193643
v -1.949674 17.699596 104.304125
v -1.949674 17.699596 104.304125
v -1.949674 17.699596 104.304125
v -1.949674 17.699596 104.304125
v 2.427791 39.415802 108.945537
v 2.427791 39.415802 108.945537
v 2.427791 39.415802 108.945537
v 2.427791 39.415802 108.945537
v 3.893874 39.415802 111.989890
v 3.893874 39.415802 111.989890
v 3.893874 39.415802 111.989890
v 3.893874 39.415802 111.989890
v 4.718972 17.699703 105.827490
v 4.718972 17.699703 105.827490
v 4.718972 17.699703 105.827490
v 4.718972 17.699703 105.827490
v 7.686002 17.699758 111.989890
v 7.686002 17.699758 111.989890
v 7.686002 17.699758 111.989890
v 7.686002 17.699758 111.989890
v 3.936201 39.325139 111.989890
v 3.936201 39.325139 111.989890
v 3.936201 39.325139 111.989890
v 3.936201 39.325139 111.989890
v 3.791688 39.453356 111.989890
v 3.791688 39.453356 111.989890
v 3.791688 39.453356 111.989890
v 3.791688 39.453356 111.989890
v 2.454181 39.325139 108.912444
v 2.454181 39.325139 108.912444
v 2.454181 39.325139 108.912444
v 2.454181 39.325139 108.912444
v 2.364079 39.453356 109.025429
v 2.364079 39.453356 109.025429
v 2.364079 39.453356 109.025429
v 2.364079 39.453356 109.025429
v -0.875887 39.325139 108.152378
v -0.875887 39.325139 108.152378
v -0.875887 39.325139 108.152378
v -0.875887 39.325139 108.152378
v -0.843730 39.453356 108.293268
v -0.843730 39.453356 108.293268
v -0.843730 39.453356 108.293268
v -0.843730 39.453356 108.293268
v -3.546395 39.325139 110.282037
v -3.546395 39.325139 110.282037
v -3.546395 39.325139 110.282037
v -3.546395 39.325139 110.282037
v -3.416193 39.453356 110.344738
v -3.416193 39.453356 110.344738
v -3.416193 39.453356 110.344738
v -3.416193 39.453356 110.344738
v -3.546395 39.325139 113.697744
v -3.546395 39.325139 113.697744
v -3.546395 39.325139 113.697744
v -3.546395 39.325139 113.697744
v -3.416193 39.453356 113.635042
v -3.416193 39.453356 113.635042
v -3.416193 39.453356 113.635042
v -3.416193 39.453356 113.635042
v -0.875887 39.325139 115.827403
v -0.875887 39.325139 115.827403
v -0.875887 39.325139 115.827403
v -0.875887 39.325139 115.827403
v -0.843730 39.453356 115.686513
v -0.843730 39.453356 115.686513
v -0.843730 39.453356 115.686513
v -0.843730 39.453356 115.686513
v 2.454181 39.325139 115.067336
v 2.454181 39.325139 115.067336
v 2.454181 39.325139 115.067336
v 2.454181 39.325139 115.067336
v 2.364079 39.453356 114.954351
v 2.364079 39.453356 114.954351
v 2.364079 39.453356 114.954351
v 2.364079 39.453356 114.954351
v -1.970851 17.604772 104.228232
v -1.970851 17.604772 104.228232
v -1.970851 17.604772 104.228232
v -1.970851 17.604772 104.228232
v -1.917814 17.752870 104.418307
v -1.917814 17.752870 104.418307
v -1.917814 17.752870 104.418307
v -1.917814 17.752870 104.418307
v -7.371882 17.605376 108.535752
v -7.371882 17.605376 108.535752
v -7.371882 17.605376 108.535752
v -7.371882 17.605376 108.535752
v -7.190918 17.751941 108.618359
v -7.190918 17.751941 108.618359
v -7.190918 17.751941 108.618359
v -7.190918 17.751941 108.618359
v -7.371882 17.605376 115.444029
v -7.371882 17.605376 115.444029
v -7.371882 17.605376 115.444029
v -7.371882 17.605376 115.444029
v -7.190918 17.751941 115.361421
v -7.190918 17.751941 115.361421
v -7.190918 17.751941 115.361421
v -7.190918 17.751941 115.361421
v -1.970851 17.604772 119.751549
v -1.970851 17.604772 119.751549
v -1.970851 17.604772 119.751549
v -1.970851 17.604772 119.751549
v -1.917814 17.752870 119.561473
v -1.917814 17.752870 119.561473
v -1.917814 17.752870 119.561473
v -1.917814 17.752870 119.561473
v 4.764665 17.604031 118.214532
v 4.764665 17.604031 118.214532
v 4.764665 17.604031 118.214532
v 4.764665 17.604031 118.214532
v 4.649324 17.754091 118.057422
v 4.649324 17.754091 118.057422
v 4.649324 17.754091 118.057422
v 4.649324 17.754091 118.057422
v 7.762442 17.603705 111.989890
v 7.762442 17.603705 111.989890
v 7.762442 17.603705 111.989890
v 7.762442 17.603705 111.989890
v 7.568807 17.754658 111.989890
v 7.568807 17.754658 111.989890
v 7.568807 17.754658 111.989890
v 7.568807 17.754658 111.989890
v 4.764665 17.604031 105.765249
v 4.764665 17.604031 105.765249
v 4.764665 17.604031 105.765249
v 4.764665 17.604031 105.765249
v 4.649324 17.754091 105.922359
v 4.649324 17.754091 105.922359
v 4.649324 17.754091 105.922359
v 4.649324 17.754091 105.922359
v -1.396734 19.653153 106.285759
v -1.396734 19.653153 106.285759
v -1.396734 19.653153 106.285759
v -1.396734 19.653153 106.285759
v -1.455381 19.532529 106.075579
v -1.455381 19.532529 106.075579
v -1.455381 19.532529 106.075579
v -1.455381 19.532529 106.075579
v -5.370599 19.652816 109.449311
v -5.370599 19.652816 109.449311
v -5.370599 19.652816 109.449311
v -5.370599 19.652816 109.449311
v -5.570521 19.533487 109.358050
v -5.570521 19.533487 109.358050
v -5.570521 19.533487 109.358050
v -5.570521 19.533487 109.358050
v -5.370599 19.652816 114.530469
v -5.370599 19.652816 114.530469
v -5.370599 19.652816 114.530469
v -5.370599 19.652816 114.530469
v -5.570521 19.533487 114.621731
v -5.570521 19.533487 114.621731
v -5.570521 19.533487 114.621731
v -5.570521 19.533487 114.621731
v -1.396734 19.653153 117.694022
v -1.396734 19.653153 117.694022
v -1.396734 19.653153 117.694022
v -1.396734 19.653153 117.694022
v -1.455381 19.532529 117.904202
v -1.455381 19.532529 117.904202
v -1.455381 19.532529 117.904202
v -1.455381 19.532529 117.904202
v 3.549627 19.653598 116.559484
v 3.549627 19.653598 116.559484
v 3.549627 19.653598 116.559484
v 3.549627 19.653598 116.559484
v 3.677317 19.531342 116.733415
v 3.677317 19.531342 116.733415
v 3.677317 19.531342 116.733415
v 3.677317 19.531342 116.733415
v 5.747529 19.653806 111.989890
v 5.747529 19.653806 111.989890
v 5.747529 19.653806 111.989890
v 5.747529 19.653806 111.989890
v 5.962009 19.530817 111.989890
v 5.962009 19.530817 111.989890
v 5.962009 19.530817 111.989890
v 5.962009 19.530817 111.989890
v 3.549627 19.653598 107.420297
v 3.549627 19.653598 107.420297
v 3.549627 19.653598 107.420297
v 3.549627 19.653598 107.420297
v 3.677317 19.531342 107.246366
v 3.677317 19.531342 107.246366
v 3.677317 19.531342 107.246366
v 3.677317 19.531342 107.246366
v 2.761421 21.358800 108.493942
v 2.761421 21.358800 108.493942
v 2.761421 21.358800 108.493942
v 2.761421 21.358800 108.493942
v 2.671698 21.564252 108.616157
v 2.671698 21.564252 108.616157
v 2.671698 21.564252 108.616157
v 2.671698 21.564252 108.616157
v -1.021464 21.359231 107.630658
v -1.021464 21.359231 107.630658
v -1.021464 21.359231 107.630658
v -1.021464 21.359231 107.630658
v -0.979753 21.562200 107.780142
v -0.979753 21.562200 107.780142
v -0.979753 21.562200 107.780142
v -0.979753 21.562200 107.780142
v -4.054919 21.359585 110.049902
v -4.054919 21.359585 110.049902
v -4.054919 21.359585 110.049902
v -4.054919 21.359585 110.049902
v -3.911414 21.560592 110.115410
v -3.911414 21.560592 110.115410
v -3.911414 21.560592 110.115410
v -3.911414 21.560592 110.115410
v -4.054919 21.359585 113.929879
v -4.054919 21.359585 113.929879
v -4.054919 21.359585 113.929879
v -4.054919 21.359585 113.929879
v -3.911414 21.560592 113.864370
v -3.911414 21.560592 113.864370
v -3.911414 21.560592 113.864370
v -3.911414 21.560592 113.864370
v -1.021464 21.359231 116.349123
v -1.021464 21.359231 116.349123
v -1.021464 21.359231 116.349123
v -1.021464 21.359231 116.349123
v -0.979753 21.562200 116.199638
v -0.979753 21.562200 116.199638
v -0.979753 21.562200 116.199638
v -0.979753 21.562200 116.199638
v 2.761421 21.358800 115.485839
v 2.761421 21.358800 115.485839
v 2.761421 21.358800 115.485839
v 2.761421 21.358800 115.485839
v 2.671698 21.564252 115.363624
v 2.671698 21.564252 115.363624
v 2.671698 21.564252 115.363624
v 2.671698 21.564252 115.363624
v 4.445042 21.358611 111.989890
v 4.445042 21.358611 111.989890
v 4.445042 21.358611 111.989890
v 4.445042 21.358611 111.989890
v 4.295178 21.565182 111.989890
v 4.295178 21.565182 111.989890
v 4.295178 21.565182 111.989890
v 4.295178 21.565182 111.989890
v -4.548880 19.841714 109.824415
v -4.548880 19.841714 109.824415
v -4.548880 19.841714 109.824415
v -4.548880 19.841714 109.824415
v -4.729175 19.702126 109.742113
v -4.729175 19.702126 109.742113
v -4.729175 19.702126 109.742113
v -4.729175 19.702126 109.742113
v -1.162772 19.842087 107.124237
v -1.162772 19.842087 107.124237
v -1.162772 19.842087 107.124237
v -1.162772 19.842087 107.124237
v -1.215733 19.701771 106.934434
v -1.215733 19.701771 106.934434
v -1.215733 19.701771 106.934434
v -1.215733 19.701771 106.934434
v 3.059394 19.842542 108.088061
v 3.059394 19.842542 108.088061
v 3.059394 19.842542 108.088061
v 3.059394 19.842542 108.088061
v 3.174919 19.701301 107.930701
v 3.174919 19.701301 107.930701
v 3.174919 19.701301 107.930701
v 3.174919 19.701301 107.930701
v 4.938352 19.842741 111.989890
v 4.938352 19.842741 111.989890
v 4.938352 19.842741 111.989890
v 4.938352 19.842741 111.989890
v 5.132568 19.701082 111.989890
v 5.132568 19.701082 111.989890
v 5.132568 19.701082 111.989890
v 5.132568 19.701082 111.989890
v 3.059394 19.842542 115.891719
v 3.059394 19.842542 115.891719
v 3.059394 19.842542 115.891719
v 3.059394 19.842542 115.891719
v 3.174919 19.701301 116.049079
v 3.174919 19.701301 116.049079
v 3.174919 19.701301 116.049079
v 3.174919 19.701301 116.049079
v -1.162772 19.842087 116.855544
v -1.162772 19.842087 116.855544
v -1.162772 19.842087 116.855544
v -1.162772 19.842087 116.855544
v -1.215733 19.701771 117.045346
v -1.215733 19.701771 117.045346
v -1.215733 19.701771 117.045346
v -1.215733 19.701771 117.045346
v -4.548880 19.841714 114.155365
v -4.548880 19.841714 114.155365
v -4.548880 19.841714 114.155365
v -4.548880 19.841714 114.155365
v -4.729175 19.702126 114.237668
v -4.729175 19.702126 114.237668
v -4.729175 19.702126 114.237668
v -4.729175 19.702126 114.237668
v -1.792423 17.852735 104.867686
v -1.792423 17.852735 104.867686
v -1.792423 17.852735 104.867686
v -1.792423 17.852735 104.867686
v -1.731555 18.000802 105.085826
v -1.731555 18.000802 105.085826
v -1.731555 18.000802 105.085826
v -1.731555 18.000802 105.085826
v -6.744435 17.853715 108.822173
v -6.744435 17.853715 108.822173
v -6.744435 17.853715 108.822173
v -6.744435 17.853715 108.822173
v -6.536699 17.999791 108.917002
v -6.536699 17.999791 108.917002
v -6.536699 17.999791 108.917002
v -6.536699 17.999791 108.917002
v -6.744435 17.853715 115.157608
v -6.744435 17.853715 115.157608
v -6.744435 17.853715 115.157608
v -6.744435 17.853715 115.157608
v -6.536699 17.999791 115.062779
v -6.536699 17.999791 115.062779
v -6.536699 17.999791 115.062779
v -6.536699 17.999791 115.062779
v -1.792423 17.852735 119.112095
v -1.792423 17.852735 119.112095
v -1.792423 17.852735 119.112095
v -1.792423 17.852735 119.112095
v -1.731555 18.000802 118.893955
v -1.731555 18.000802 118.893955
v -1.731555 18.000802 118.893955
v -1.731555 18.000802 118.893955
v 4.391408 17.851446 117.706105
v 4.391408 17.851446 117.706105
v 4.391408 17.851446 117.706105
v 4.391408 17.851446 117.706105
v 4.259092 18.002055 117.525871
v 4.259092 18.002055 117.525871
v 4.259092 18.002055 117.525871
v 4.259092 18.002055 117.525871
v 7.146816 17.850848 111.989890
v 7.146816 17.850848 111.989890
v 7.146816 17.850848 111.989890
v 7.146816 17.850848 111.989890
v 6.924730 18.002609 111.989890
v 6.924730 18.002609 111.989890
v 6.924730 18.002609 111.989890
v 6.924730 18.002609 111.989890
v 4.391408 17.851446 106.273676
v 4.391408 17.851446 106.273676
v 4.391408 17.851446 106.273676
v 4.391408 17.851446 106.273676
v 4.259092 18.002055 106.453909
v 4.259092 18.002055 106.453909
v 4.259092 18.002055 106.453909
v 4.259092 18.002055 106.453909
v 0.000000 15.966028 111.989890
v 0.000000 15.966028 111.989890
v 0.000000 15.966028 111.989890
v 0.000000 15.966028 111.989890
v 0.000000 15.966028 111.989890
v 0.000000 15.966028 111.989890
v 0.000000 15.966028 111.989890
v 0.000000 39.453356 111.989890
v 0.000000 39.453356 111.989890
v 0.000000 39.453356 111.989890
v 0.000000 39.453356 111.989890
v 0.000000 39.453356 111.989890
v 0.000000 39.453356 111.989890
v 0.000000 39.453356 111.989890
v 8.500716 15.966028 111.989890
v 8.500716 15.966028 111.989890
v 8.500716 15.966028 111.989890
v 8.500716 15.966028 111.989890
v 3.936201 21.837860 111.989890
v 3.936201 21.837860 111.989890
v 3.936201 21.837860 111.989890
v 3.936201 21.837860 111.989890
v 3.936201 27.709692 111.989890
v 3.936201 27.709692 111.989890
v 3.936201 27.709692 111.989890
v 3.936201 27.709692 111.989890
v 3.936201 33.581524 111.989890
v 3.936201 33.581524 111.989890
v 3.936201 33.581524 111.989890
v 3.936201 33.581524 111.989890
v 3.623604 19.616195 107.319530
v 3.623604 19.616195 107.319530
v 3.623604 19.616195 107.319530
v 3.623604 19.616195 107.319530
v 5.210580 15.966028 105.157852
v 5.210580 15.966028 105.157852
v 5.210580 15.966028 105.157852
v 5.210580 15.966028 105.157852
v 2.454181 21.837860 108.912444
v 2.454181 21.837860 108.912444
v 2.454181 21.837860 108.912444
v 2.454181 21.837860 108.912444
v 2.454181 27.709692 108.912444
v 2.454181 27.709692 108.912444
v 2.454181 27.709692 108.912444
v 2.454181 27.709692 108.912444
v 2.454181 33.581524 108.912444
v 2.454181 33.581524 108.912444
v 2.454181 33.581524 108.912444
v 2.454181 33.581524 108.912444
v 5.872089 19.616087 111.989890
v 5.872089 19.616087 111.989890
v 5.872089 19.616087 111.989890
v 5.872089 19.616087 111.989890
v -2.182289 15.966028 103.470478
v -2.182289 15.966028 103.470478
v -2.182289 15.966028 103.470478
v -2.182289 15.966028 103.470478
v -0.875887 21.837860 108.152378
v -0.875887 21.837860 108.152378
v -0.875887 21.837860 108.152378
v -0.875887 21.837860 108.152378
v -0.875887 27.709692 108.152378
v -0.875887 27.709692 108.152378
v -0.875887 27.709692 108.152378
v -0.875887 27.709692 108.152378
v -0.875887 33.581524 108.152378
v -0.875887 33.581524 108.152378
v -0.875887 33.581524 108.152378
v -0.875887 33.581524 108.152378
v 3.623604 19.616195 116.660250
v 3.623604 19.616195 116.660250
v 3.623604 19.616195 116.660250
v 3.623604 19.616195 116.660250
v -8.110910 15.966028 108.198395
v -8.110910 15.966028 108.198395
v -8.110910 15.966028 108.198395
v -8.110910 15.966028 108.198395
v -3.546395 21.837860 110.282037
v -3.546395 21.837860 110.282037
v -3.546395 21.837860 110.282037
v -3.546395 21.837860 110.282037
v -3.546395 27.709692 110.282037
v -3.546395 27.709692 110.282037
v -3.546395 27.709692 110.282037
v -3.546395 27.709692 110.282037
v -3.546395 33.581524 110.282037
v -3.546395 33.581524 110.282037
v -3.546395 33.581524 110.282037
v -3.546395 33.581524 110.282037
v -1.430529 19.616441 117.815134
v -1.430529 19.616441 117.815134
v -1.430529 19.616441 117.815134
v -1.430529 19.616441 117.815134
v -8.110910 15.966028 115.781385
v -8.110910 15.966028 115.781385
v -8.110910 15.966028 115.781385
v -8.110910 15.966028 115.781385
v -3.546395 21.837860 113.697744
v -3.546395 21.837860 113.697744
v -3.546395 21.837860 113.697744
v -3.546395 21.837860 113.697744
v -3.546395 27.709692 113.697744
v -3.546395 27.709692 113.697744
v -3.546395 27.709692 113.697744
v -3.546395 27.709692 113.697744
v -3.546395 33.581524 113.697744
v -3.546395 33.581524 113.697744
v -3.546395 33.581524 113.697744
v -3.546395 33.581524 113.697744
v -5.485310 19.616642 114.582833
v -5.485310 19.616642 114.582833
v -5.485310 19.616642 114.582833
v -5.485310 19.616642 114.582833
v -2.182289 15.966028 120.509303
v -2.182289 15.966028 120.509303
v -2.182289 15.966028 120.509303
v -2.182289 15.966028 120.509303
v -0.875887 21.837860 115.827403
v -0.875887 21.837860 115.827403
v -0.875887 21.837860 115.827403
v -0.875887 21.837860 115.827403
v -0.875887 27.709692 115.827403
v -0.875887 27.709692 115.827403
v -0.875887 27.709692 115.827403
v -0.875887 27.709692 115.827403
v -0.875887 33.581524 115.827403
v -0.875887 33.581524 115.827403
v -0.875887 33.581524 115.827403
v -0.875887 33.581524 115.827403
v -1.430529 19.616441 106.164646
v -1.430529 19.616441 106.164646
v -1.430529 19.616441 106.164646
v -1.430529 19.616441 106.164646
v 5.210580 15.966028 118.821929
v 5.210580 15.966028 118.821929
v 5.210580 15.966028 118.821929
v 5.210580 15.966028 118.821929
v 2.454181 21.837860 115.067336
v 2.454181 21.837860 115.067336
v 2.454181 21.837860 115.067336
v 2.454181 21.837860 115.067336
v 2.454181 27.709692 115.067336
v 2.454181 27.709692 115.067336
v 2.454181 27.709692 115.067336
v 2.454181 27.709692 115.067336
v 2.454181 33.581524 115.067336
v 2.454181 33.581524 115.067336
v 2.454181 33.581524 115.067336
v 2.454181 33.581524 115.067336
v -5.485310 19.616642 109.396947
v -5.485310 19.616642 109.396947
v -5.485310 19.616642 109.396947
v -5.485310 19.616642 109.396947
v 4.314950 17.906463 106.377822
v 4.314950 17.906463 106.377822
v 4.314950 17.906463 106.377822
v 4.314950 17.906463 106.377822
v 7.018180 17.906462 111.989890
v 7.018180 17.906462 111.989890
v 7.018180 17.906462 111.989890
v 7.018180 17.906462 111.989890
v 4.314950 17.906463 117.601958
v 4.314950 17.906463 117.601958
v 4.314950 17.906463 117.601958
v 4.314950 17.906463 117.601958
v -1.757436 17.906450 118.986710
v -1.757436 17.906450 118.986710
v -1.757436 17.906450 118.986710
v -1.757436 17.906450 118.986710
v -6.625529 17.906424 115.103328
v -6.625529 17.906424 115.103328
v -6.625529 17.906424 115.103328
v -6.625529 17.906424 115.103328
v -6.625529 17.906424 108.876452
v -6.625529 17.906424 108.876452
v -6.625529 17.906424 108.876452
v -6.625529 17.906424 108.876452
v -1.757436 17.906450 104.993070
v -1.757436 17.906450 104.993070
v -1.757436 17.906450 104.993070
v -1.757436 17.906450 104.993070
v -3.998766 21.470677 113.904246
v -3.998766 21.470677 113.904246
v -3.998766 21.470677 113.904246
v -3.998766 21.470677 113.904246
v -1.005215 21.471002 116.290889
v -1.005215 21.471002 116.290889
v -1.005215 21.471002 116.290889
v -1.005215 21.471002 116.290889
v 2.726662 21.471423 115.438493
v 2.726662 21.471423 115.438493
v 2.726662 21.471423 115.438493
v 2.726662 21.471423 115.438493
v 4.387129 21.471616 111.989890
v 4.387129 21.471616 111.989890
v 4.387129 21.471616 111.989890
v 4.387129 21.471616 111.989890
v 2.726662 21.471423 108.541288
v 2.726662 21.471423 108.541288
v 2.726662 21.471423 108.541288
v 2.726662 21.471423 108.541288
v -3.998766 21.470677 110.075535
v -3.998766 21.470677 110.075535
v -3.998766 21.470677 110.075535
v -3.998766 21.470677 110.075535
v -1.005215 21.471002 107.688891
v -1.005215 21.471002 107.688891
v -1.005215 21.471002 107.688891
v -1.005215 21.471002 107.688891
v 2.427791 39.415802 115.034244
v 2.427791 39.415802 115.034244
v 2.427791 39.415802 115.034244
v 2.427791 39.415802 115.034244
v 4.718972 17.699703 118.152291
v 4.718972 17.699703 118.152291
v 4.718972 17.699703 118.152291
v 4.718972 17.699703 118.152291
v -0.866469 39.415802 115.786137
v -0.866469 39.415802 115.786137
v -0.866469 39.415802 115.786137
v -0.866469 39.415802 115.786137
v -1.949674 17.699596 119.675655
v -1.949674 17.699596 119.675655
v -1.949674 17.699596 119.675655
v -1.949674 17.699596 119.675655
v -3.508260 39.415802 113.679379
v -3.508260 39.415802 113.679379
v -3.508260 39.415802 113.679379
v -3.508260 39.415802 113.679379
v -7.299179 17.699526 115.410841
v -7.299179 17.699526 115.410841
v -7.299179 17.699526 115.410841
v -7.299179 17.699526 115.410841
v -3.508260 39.415802 110.300401
v -3.508260 39.415802 110.300401
v -3.508260 39.415802 110.300401
v -3.508260 39.415802 110.300401
v -4.617086 19.744980 114.186501
v -4.617086 19.744980 114.186501
v -4.617086 19.744980 114.186501
v -4.617086 19.744980 114.186501
v -1.182688 19.745021 116.926919
v -1.182688 19.745021 116.926919
v -1.182688 19.745021 116.926919
v -1.182688 19.745021 116.926919
v 3.102513 19.745064 115.950452
v 3.102513 19.745064 115.950452
v 3.102513 19.745064 115.950452
v 3.102513 19.745064 115.950452
v 5.010598 19.745080 111.989890
v 5.010598 19.745080 111.989890
v 5.010598 19.745080 111.989890
v 5.010598 19.745080 111.989890
v 3.102513 19.745064 108.029328
v 3.102513 19.745064 108.029328
v 3.102513 19.745064 108.029328
v 3.102513 19.745064 108.029328
v -1.182688 19.745021 107.052861
v -1.182688 19.745021 107.052861
v -1.182688 19.745021 107.052861
v -1.182688 19.745021 107.052861
v -4.617086 19.744980 109.793280
v -4.617086 19.744980 109.793280
v -4.617086 19.744980 109.793280
v -4.617086 19.744980 109.793280
v -7.299179 17.699526 108.568940
v -7.299179 17.699526 108.568940
v -7.299179 17.699526 108.568940
v -7.299179 17.699526 108.568940
v -0.866469 39.415802 108.193643
v -0.866469 39.415802 108.193643
v -0.866469 39.415802 108.193643
v -0.866469 39.415802 108.193643
v -1.949674 17.699596 104.304125
v -1.949674 17.699596 104.304125
v -1.949674 17.699596 104.304125
v -1.949674 17.699596 104.304125
v 2.427791 39.415802 108.945537
v 2.427791 39.415802 108.945537
v 2.427791 39.415802 108.945537
v 2.427791 39.415802 108.945537
v 3.893874 39.415802 111.989890
v 3.893874 39.415802 111.989890
v 3.893874 39.415802 111.989890
v 3.893874 39.415802 111.989890
v 4.718972 17.699703 105.827490
v 4.718972 17.699703 105.827490
v 4.718972 17.699703 105.827490
v 4.718972 17.699703 105.827490
v 7.686002 17.699758 111.989890
v 7.686002 17.699758 111.989890
v 7.686002 17.699758 111.989890
v 7.686002 17.699758 111.989890
v 3.936201 39.325139 111.989890
v 3.936201 39.325139 111.989890
v 3.936201 39.325139 111.989890
v 3.936201 39.325139 111.989890
v 3.791688 39.453356 111.989890
v 3.791688 39.453356 111.989890
v 3.791688 39.453356 111.989890
v 3.791688 39.453356 111.989890
v 2.454181 39.325139 108.912444
v 2.454181 39.325139 108.912444
v 2.454181 39.325139 108.912444
v 2.454181 39.325139 108.912444
v 2.364079 39.453356 109.025429
v 2.364079 39.453356 109.025429
v 2.364079 39.453356 109.025429
v 2.364079 39.453356 109.025429
v -0.875887 39.325139 108.152378
v -0.875887 39.325139 108.152378
v -0.875887 39.325139 108.152378
v -0.875887 39.325139 108.152378
v -0.843730 39.453356 108.293268
v -0.843730 39.453356 108.293268
v -0.843730 39.453356 108.293268
v -0.843730 39.453356 108.293268
v -3.546395 39.325139 110.282037
v -3.546395 39.325139 110.282037
v -3.546395 39.325139 110.282037
v -3.546395 39.325139 110.282037
v -3.416193 39.453356 110.344738
v -3.416193 39.453356 110.344738
v -3.416193 39.453356 110.344738
v -3.416193 39.453356 110.344738
v -3.546395 39.325139 113.697744
v -3.546395 39.325139 113.697744
v -3.546395 39.325139 113.697744
v -3.546395 39.325139 113.697744
v -3.416193 39.453356 113.635042
v -3.416193 39.453356 113.635042
v -3.416193 39.453356 113.635042
v -3.416193 39.453356 113.635042
v -0.875887 39.325139 115.827403
v -0.875887 39.325139 115.827403
v -0.875887 39.325139 115.827403
v -0.875887 39.325139 115.827403
v -0.843730 39.453356 115.686513
v -0.843730 39.453356 115.686513
v -0.843730 39.453356 115.686513
v -0.843730 39.453356 115.686513
v 2.454181 39.325139 115.067336
v 2.454181 39.325139 115.067336
v 2.454181 39.325139 115.067336
v 2.454181 39.325139 115.067336
v 2.364079 39.453356 114.954351
v 2.364079 39.453356 114.954351
v 2.364079 39.453356 114.954351
v 2.364079 39.453356 114.954351
v -1.970851 17.604772 104.228232
v -1.970851 17.604772 104.228232
v -1.970851 17.604772 104.228232
v -1.970851 17.604772 104.228232
v -1.917814 17.752870 104.418307
v -1.917814 17.752870 104.418307
v -1.917814 17.752870 104.418307
v -1.917814 17.752870 104.418307
v -7.371882 17.605376 108.535752
v -7.371882 17.605376 108.535752
v -7.371882 17.605376 108.535752
v -7.371882 17.605376 108.535752
v -7.190918 17.751941 108.618359
v -7.190918 17.751941 108.618359
v -7.190918 17.751941 108.618359
v -7.190918 17.751941 108.618359
v -7.371882 17.605376 115.444029
v -7.371882 17.605376 115.444029
v -7.371882 17.605376 115.444029
v -7.371882 17.605376 115.444029
v -7.190918 17.751941 115.361421
v -7.190918 17.751941 115.361421
v -7.190918 17.751941 115.361421
v -7.190918 17.751941 115.361421
v -1.970851 17.604772 119.751549
v -1.970851 17.604772 119.751549
v -1.970851 17.604772 119.751549
v -1.970851 17.604772 119.751549
v -1.917814 17.752870 119.561473
v -1.917814 17.752870 119.561473
v -1.917814 17.752870 119.561473
v -1.917814 17.752870 119.561473
v 4.764665 17.604031 118.214532
v 4.764665 17.604031 118.214532
v 4.764665 17.604031 118.214532
v 4.764665 17.604031 118.214532
v 4.649324 17.754091 118.057422
v 4.649324 17.754091 118.057422
v 4.649324 17.754091 118.057422
v 4.649324 17.754091 118.057422
v 7.762442 17.603705 111.989890
v 7.762442 17.603705 111.989890
v 7.762442 17.603705 111.989890
v 7.762442 17.603705 111.989890
v 7.568807 17.754658 111.989890
v 7.568807 17.754658 111.989890
v 7.568807 17.754658 111.989890
v 7.568807 17.754658 111.989890
v 4.764665 17.604031 105.765249
v 4.764665 17.604031 105.765249
v 4.764665 17.604031 105.765249
v 4.764665 17.604031 105.765249
v 4.649324 17.754091 105.922359
v 4.649324 17.754091 105.922359
v 4.649324 17.754091 105.922359
v 4.649324 17.754091 105.922359
v -1.396734 19.653153 106.285759
v -1.396734 19.653153 106.285759
v -1.396734 19.653153 106.285759
v -1.396734 19.653153 106.285759
v -1.455381 19.532529 106.075579
v -1.455381 19.532529 106.075579
v -1.455381 19.532529 106.075579
v -1.455381 19.532529 106.075579
v -5.370599 19.652816 109.449311
v -5.370599 19.652816 109.449311
v -5.370599 19.652816 109.449311
v -5.370599 19.652816 109.449311
v -5.570521 19.533487 109.358050
v -5.570521 19.533487 109.358050
v -5.570521 19.533487 109.358050
v -5.570521 19.533487 109.358050
v -5.370599 19.652816 114.530469
v -5.370599 19.652816 114.530469
v -5.370599 19.652816 114.530469
v -5.370599 19.652816 114.530469
v -5.570521 19.533487 114.621731
v -5.570521 19.533487 114.621731
v -5.570521 19.533487 114.621731
v -5.570521 19.533487 114.621731
v -1.396734 19.653153 117.694022
v -1.396734 19.653153 117.694022
v -1.396734 19.653153 117.694022
v -1.396734 19.653153 117.694022
v -1.455381 19.532529 117.904202
v -1.455381 19.532529 117.904202
v -1.455381 19.532529 117.904202
v -1.455381 19.532529 117.904202
v 3.549627 19.653598 116.559484
v 3.549627 19.653598 116.559484
v 3.549627 19.653598 116.559484
v 3.549627 19.653598 116.559484
v 3.677317 19.531342 116.733415
v 3.677317 19.531342 116.733415
v 3.677317 19.531342 116.733415
v 3.677317 19.531342 116.733415
v 5.747529 19.653806 111.989890
v 5.747529 19.653806 111.989890
v 5.747529 19.653806 111.989890
v 5.747529 19.653806 111.989890
v 5.962009 19.530817 111.989890
v 5.962009 19.530817 111.989890
v 5.962009 19.530817 111.989890
v 5.962009 19.530817 111.989890
v 3.549627 19.653598 107.420297
v 3.549627 19.653598 107.420297
v 3.549627 19.653598 107.420297
v 3.549627 19.653598 107.420297
v 3.677317 19.531342 107.246366
v 3.677317 19.531342 107.246366
v 3.677317 19.531342 107.246366
v 3.677317 19.531342 107.246366
v 2.761421 21.358800 108.493942
v 2.761421 21.358800 108.493942
v 2.761421 21.358800 108.493942
v 2.761421 21.358800 108.493942
v 2.671698 21.564252 108.616157
v 2.671698 21.564252 108.616157
v 2.671698 21.564252 108.616157
v 2.671698 21.564252 108.616157
v -1.021464 21.359231 107.630658
v -1.021464 21.359231 107.630658
v -1.021464 21.359231 107.630658
v -1.021464 21.359231 107.630658
v -0.979753 21.562200 107.780142
v -0.979753 21.562200 107.780142
v -0.979753 21.562200 107.780142
v -0.979753 21.562200 107.780142
v -4.054919 21.359585 110.049902
v -4.054919 21.359585 110.049902
v -4.054919 21.359585 110.049902
v -4.054919 21.359585 110.049902
v -3.911414 21.560592 110.115410
v -3.911414 21.560592 110.115410
v -3.911414 21.560592 110.115410
v -3.911414 21.560592 110.115410
v -4.054919 21.359585 113.929879
v -4.054919 21.359585 113.929879
v -4.054919 21.359585 113.929879
v -4.054919 21.359585 113.929879
v -3.911414 21.560592 113.864370
v -3.911414 21.560592 113.864370
v -3.911414 21.560592 113.864370
v -3.911414 21.560592 113.864370
v -1.021464 21.359231 116.349123
v -1.021464 21.359231 116.349123
v -1.021464 21.359231 116.349123
v -1.021464 21.359231 116.349123
v -0.979753 21.562200 116.199638
v -0.979753 21.562200 116.199638
v -0.979753 21.562200 116.199638
v -0.979753 21.562200 116.199638
v 2.761421 21.358800 115.485839
v 2.761421 21.358800 115.485839
v 2.761421 21.358800 115.485839
v 2.761421 21.358800 115.485839
v 2.671698 21.564252 115.363624
v 2.671698 21.564252 115.363624
v 2.671698 21.564252 115.363624
v 2.671698 21.564252 115.363624
v 4.445042 21.358611 111.989890
v 4.445042 21.358611 111.989890
v 4.445042 21.358611 111.989890
v 4.445042 21.358611 111.989890
v 4.295178 21.565182 111.989890
v 4.295178 21.565182 111.989890
v 4.295178 21.565182 111.989890
v 4.295178 21.565182 111.989890
v -4.548880 19.841714 109.824415
v -4.548880 19.841714 109.824415
v -4.548880 19.841714 109.824415
v -4.548880 19.841714 109.824415
v -4.729175 19.702126 109.742113
v -4.729175 19.702126 109.742113
v -4.729175 19.702126 109.742113
v -4.729175 19.702126 109.742113
v -1.162772 19.842087 107.124237
v -1.162772 19.842087 107.124237
v -1.162772 19.842087 107.124237
v -1.162772 19.842087 107.124237
v -1.215733 19.701771 106.934434
v -1.215733 19.701771 106.934434
v -1.215733 19.701771 106.934434
v -1.215733 19.701771 106.934434
v 3.059394 19.842542 108.088061
v 3.059394 19.842542 108.088061
v 3.059394 19.842542 108.088061
v 3.059394 19.842542 108.088061
v 3.174919 19.701301 107.930701
v 3.174919 19.701301 107.930701
v 3.174919 19.701301 107.930701
v 3.174919 19.701301 107.930701
v 4.938352 19.842741 111.989890
v 4.938352 19.842741 111.989890
v 4.938352 19.842741 111.989890
v 4.938352 19.842741 111.989890
v 5.132568 19.701082 111.989890
v 5.132568 19.701082 111.989890
v 5.132568 19.701082 111.989890
v 5.132568 19.701082 111.989890
v 3.059394 19.842542 115.891719
v 3.059394 19.842542 115.891719
v 3.059394 19.842542 115.891719
v 3.059394 19.842542 115.891719
v 3.174919 19.701301 116.049079
v 3.174919 19.701301 116.049079
v 3.174919 19.701301 116.049079
v 3.174919 19.701301 116.049079
v -1.162772 19.842087 116.855544
v -1.162772 19.842087 116.855544
v -1.162772 19.842087 116.855544
v -1.162772 19.842087 116.855544
v -1.215733 19.701771 117.045346
v -1.215733 19.701771 117.045346
v -1.215733 19.701771 117.045346
v -1.215733 19.701771 117.045346
v -4.548880 19.841714 114.155365
v -4.548880 19.841714 114.155365
v -4.548880 19.841714 114.155365
v -4.548880 19.841714 114.155365
v -4.729175 19.702126 114.237668
v -4.729175 19.702126 114.237668
v -4.729175 19.702126 114.237668
v -4.729175 19.702126 114.237668
v -1.792423 17.852735 104.867686
v -1.792423 17.852735 104.867686
v -1.792423 17.852735 104.867686
v -1.792423 17.852735 104.867686
v -1.731555 18.000802 105.085826
v -1.731555 18.000802 105.085826
v -1.731555 18.000802 105.085826
v -1.731555 18.000802 105.085826
v -6.744435 17.853715 108.822173
v -6.744435 17.853715 108.822173
v -6.744435 17.853715 108.822173
v -6.744435 17.853715 108.822173
v -6.536699 17.999791 108.917002
v -6.536699 17.999791 108.917002
v -6.536699 17.999791 108.917002
v -6.536699 17.999791 108.917002
v -6.744435 17.853715 115.157608
v -6.744435 17.853715 115.157608
v -6.744435 17.853715 115.157608
v -6.744435 17.853715 115.157608
v -6.536699 17.999791 115.062779
v -6.536699 17.999791 115.062779
v -6.536699 17.999791 115.062779
v -6.536699 17.999791 115.062779
v -1.792423 17.852735 119.112095
v -1.792423 17.852735 119.112095
v -1.792423 17.852735 119.112095
v -1.792423 17.852735 119.112095
v -1.731555 18.000802 118.893955
v -1.731555 18.000802 118.893955
v -1.731555 18.000802 118.893955
v -1.731555 18.000802 118.893955
v 4.391408 17.851446 117.706105
v 4.391408 17.851446 117.706105
v 4.391408 17.851446 117.706105
v 4.391408 17.851446 117.706105
v 4.259092 18.002055 117.525871
v 4.259092 18.002055 117.525871
v 4.259092 18.002055 117.525871
v 4.259092 18.002055 117.525871
v 7.146816 17.850848 111.989890
v 7.146816 17.850848 111.989890
v 7.146816 17.850848 111.989890
v 7.146816 17.850848 111.989890
v 6.924730 18.002609 111.989890
v 6.924730 18.002609 111.989890
v 6.924730 18.002609 111.989890
v 6.924730 18.002609 111.989890
v 4.391408 17.851446 106.273676
v 4.391408 17.851446 106.273676
v 4.391408 17.851446 106.273676
v 4.391408 17.851446 106.273676
v 4.259092 18.002055 106.453909
v 4.259092 18.002055 106.453909
v 4.259092 18.002055 106.453909
v 4.259092 18.002055 106.453909
# 1416 vertices

vn 0.000000 -1.000000 0.000000
vn 0.834743 0.376307 -0.401991
vn 0.900969 0.000000 -0.433884
vn 0.900969 0.000000 -0.433884
vn 0.000000 1.000000 0.000000
vn 0.205007 0.388874 -0.898192
vn 0.222522 0.000000 -0.974928
vn 0.222522 0.000000 -0.974928
vn -0.570276 0.404244 -0.715103
vn -0.623490 0.000000 -0.781831
vn -0.623490 0.000000 -0.781831
vn 0.000000 -1.000000 0.000000
vn -0.911646 0.410975 0.000000
vn -1.000000 0.000000 0.000000
vn -0.570276 0.404242 0.715104
vn -0.623489 0.000000 0.781832
vn -0.623489 0.000000 0.781832
vn 0.205006 0.388873 0.898193
vn 0.222520 0.000000 0.974928
vn 0.834743 0.376307 0.401991
vn 0.900969 0.000000 0.433884
vn 0.900969 0.000000 0.433884
vn -0.593991 0.303953 -0.744841
vn 0.212858 0.291475 -0.932595
vn 0.864572 0.281358 -0.416356
vn 0.864573 0.281357 0.416356
vn 0.212859 0.291473 0.932596
vn -0.593991 0.303952 0.744841
vn -0.950914 0.309456 0.000000
vn -0.141199 0.974019 -0.177058
vn -0.222242 0.974991 0.000000
vn -0.141200 0.974019 0.177059
vn 0.052636 0.971621 0.230615
vn 0.220983 0.969454 0.106420
vn 0.220982 0.969454 -0.106419
vn 0.052635 0.971621 -0.230611
vn -0.048741 0.996940 -0.061119
vn -0.076648 0.997058 0.000000
vn -0.048741 0.996940 0.061119
vn 0.018209 0.996646 0.079780
vn 0.076598 0.996379 0.036888
vn 0.076598 0.996379 -0.036888
vn 0.018209 0.996646 -0.079779
vn -0.530472 0.525471 -0.665191
vn -0.846104 0.533018 0.000000
vn -0.530473 0.525470 0.665192
vn 0.191664 0.508049 0.839733
vn 0.783555 0.493614 0.377341
vn 0.783555 0.493614 -0.377341
vn 0.191664 0.508051 -0.839731
vn 0.140193 0.776581 -0.614222
vn -0.381870 0.790492 -0.478850
vn -0.604880 0.796317 0.000000
vn -0.381868 0.790495 0.478848
vn 0.140191 0.776584 0.614218
vn 0.580744 0.764539 0.279672
vn 0.580744 0.764539 -0.279672
vn 0.416750 0.886603 -0.200635
vn 0.340267 0.925941 -0.163864
vn 0.100811 0.891765 -0.441127
vn 0.084038 0.925942 -0.368196
vn -0.274723 0.897633 -0.344647
vn -0.235469 0.925943 -0.295268
vn -0.435773 0.900057 0.000000
vn -0.377670 0.925940 0.000000
vn -0.274705 0.897648 0.344623
vn -0.235469 0.925943 0.295269
vn 0.100797 0.891792 0.441075
vn 0.084042 0.925937 0.368209
vn 0.416726 0.886617 0.200624
vn 0.340273 0.925939 0.163867
vn -0.450982 0.690422 -0.565626
vn 0.164195 0.675339 -0.718998
vn 0.674907 0.662489 -0.324977
vn 0.674899 0.662498 0.324973
vn 0.164192 0.675343 0.718994
vn -0.450988 0.690413 0.565632
vn -0.717257 0.696809 0.000000
vn -0.438691 0.710458 -0.550273
vn -0.698421 0.715687 0.000000
vn -0.438667 0.710496 0.550242
vn 0.159435 0.698204 0.697920
vn 0.654109 0.687719 0.314935
vn 0.654130 0.687694 -0.314944
vn 0.159451 0.698136 -0.697984
vn 0.732989 0.581511 -0.352948
vn 0.830496 0.387711 -0.399945
vn 0.179333 0.592526 -0.785336
vn 0.205116 0.387710 -0.898670
vn -0.496103 0.605600 -0.622199
vn -0.574719 0.387721 -0.720674
vn -0.791480 0.611196 0.000000
vn -0.921777 0.387720 0.000000
vn -0.496104 0.605596 0.622201
vn -0.574724 0.387697 0.720682
vn 0.179334 0.592520 0.785340
vn 0.205116 0.387711 0.898670
vn 0.732997 0.581498 0.352952
vn 0.830490 0.387726 0.399943
vn -0.558358 0.444869 -0.700234
vn 0.200893 0.430565 -0.879918
vn 0.818190 0.418729 -0.393993
vn 0.818193 0.418723 0.393994
vn 0.200892 0.430575 0.879914
vn -0.558350 0.444896 0.700224
vn -0.892470 0.451108 0.000000
vn -0.189581 0.952594 -0.237958
vn -0.300756 0.953701 0.000000
vn -0.189610 0.952578 0.237998
vn 0.069753 0.949870 0.304764
vn 0.288168 0.947485 0.138680
vn 0.288139 0.947495 -0.138667
vn 0.069734 0.949895 -0.304691
vn -0.224705 0.932894 -0.281453
vn 0.081499 0.930079 -0.358206
vn 0.336555 0.927589 -0.162204
vn 0.336514 0.927607 0.162185
vn 0.081473 0.930117 0.358112
vn -0.224662 0.932922 0.281394
vn -0.357115 0.934061 0.000000
vn -0.455228 0.683411 -0.570717
vn -0.724496 0.689279 0.000000
vn -0.455218 0.683428 0.570704
vn 0.165160 0.669686 0.724046
vn 0.678439 0.657984 0.326767
vn 0.678448 0.657973 -0.326771
vn 0.165169 0.669646 -0.724081
vn -0.511588 0.571850 -0.641300
vn 0.183969 0.561493 -0.806772
vn 0.750800 0.552729 -0.361649
vn 0.750811 0.552711 0.361654
vn 0.183977 0.561454 0.806798
vn -0.511607 0.571805 0.641325
vn -0.817270 0.576255 0.000000
vn -0.256010 0.911868 -0.320867
vn -0.405254 0.914204 0.000000
vn -0.256021 0.911860 0.320881
vn 0.093984 0.906172 0.412333
vn 0.390563 0.901144 0.188148
vn 0.390548 0.901152 -0.188142
vn 0.093975 0.906188 -0.412300
vn 0.000000 0.000000 0.000000
# 142 normals

vt 0.000000 0.000000 0.000000
vt 0.147276 0.000000 0.000000
vt 0.000000 0.069726 0.000000
vt 0.147276 0.069740 0.000000
vt 0.000000 0.250000 0.000000
vt 0.000000 0.500000 0.000000
vt 0.147276 0.500000 0.000000
vt 0.147276 0.250000 0.000000
vt 0.000000 0.750000 0.000000
vt 0.147276 0.750000 0.000000
vt 0.000000 0.994541 0.000000
vt 0.147276 0.994541 0.000000
vt 0.000000 1.000000 0.000000
vt 0.500000 1.000000 0.000000
vt 0.147528 1.000000 0.000000
vt 0.294365 0.000000 0.000000
vt 0.294365 0.069771 0.000000
vt 0.294365 0.500000 0.000000
vt 0.294365 0.250000 0.000000
vt 0.294365 0.750000 0.000000
vt 0.294365 0.994541 0.000000
vt 0.294657 1.000000 0.000000
vt 0.433358 0.000000 0.000000
vt 0.433358 0.069797 0.000000
vt 0.433358 0.500000 0.000000
vt 0.433358 0.250000 0.000000
vt 0.433358 0.750000 0.000000
vt 0.433358 0.994541 0.000000
vt 0.433475 1.000000 0.000000
vt 0.566642 0.000000 0.000000
vt 0.566642 0.069797 0.000000
vt 0.566642 0.500000 0.000000
vt 0.566642 0.250000 0.000000
vt 0.566642 0.750000 0.000000
vt 0.566642 0.994541 0.000000
vt 0.566525 1.000000 0.000000
vt 0.705635 0.000000 0.000000
vt 0.705635 0.069771 0.000000
vt 0.705635 0.500000 0.000000
vt 0.705635 0.250000 0.000000
vt 0.705635 0.750000 0.000000
vt 0.705635 0.994541 0.000000
vt 0.705343 1.000000 0.000000
vt 0.852724 0.000000 0.000000
vt 0.852724 0.069740 0.000000
vt 0.852724 0.500000 0.000000
vt 0.852724 0.250000 0.000000
vt 0.852724 0.750000 0.000000
vt 0.852724 0.994541 0.000000
vt 0.852472 1.000000 0.000000
vt 1.000000 0.069726 0.000000
vt 1.000000 0.500000 0.000000
vt 1.000000 0.250000 0.000000
vt 1.000000 0.750000 0.000000
vt 1.000000 0.994541 0.000000
vt 1.000000 1.000000 0.000000
vt 0.294365 0.165028 0.000000
vt 0.294365 0.229622 0.000000
vt 0.433358 0.229637 0.000000
vt 0.433358 0.165012 0.000000
vt 0.147276 0.165047 0.000000
vt 0.147276 0.229603 0.000000
vt 0.000000 0.165056 0.000000
vt 0.000000 0.229595 0.000000
vt 0.852724 0.165047 0.000000
vt 0.852724 0.229603 0.000000
vt 1.000000 0.229595 0.000000
vt 1.000000 0.165056 0.000000
vt 0.705635 0.165028 0.000000
vt 0.705635 0.229622 0.000000
vt 0.566642 0.165012 0.000000
vt 0.566642 0.229637 0.000000
vt 0.294365 0.076077 0.000000
vt 0.294365 0.080329 0.000000
vt 0.433358 0.080370 0.000000
vt 0.433358 0.076037 0.000000
vt 0.566642 0.080370 0.000000
vt 0.566642 0.076037 0.000000
vt 0.705635 0.080329 0.000000
vt 0.705635 0.076077 0.000000
vt 0.852724 0.080274 0.000000
vt 0.852724 0.076129 0.000000
vt 1.000000 0.080248 0.000000
vt 1.000000 0.076153 0.000000
vt 0.000000 0.076153 0.000000
vt 0.000000 0.080248 0.000000
vt 0.147276 0.080274 0.000000
vt 0.147276 0.076129 0.000000
vt 0.294365 0.156984 0.000000
vt 0.294365 0.159054 0.000000
vt 0.433358 0.159069 0.000000
vt 0.433358 0.156969 0.000000
vt 0.566642 0.159069 0.000000
vt 0.566642 0.156969 0.000000
vt 0.705635 0.159054 0.000000
vt 0.705635 0.156984 0.000000
vt 0.852724 0.159034 0.000000
vt 0.852724 0.157003 0.000000
vt 1.000000 0.159024 0.000000
vt 1.000000 0.157011 0.000000
vt 0.000000 0.157011 0.000000
vt 0.000000 0.159024 0.000000
vt 0.147276 0.159034 0.000000
vt 0.147276 0.157003 0.000000
vt 0.294365 0.086633 0.000000
vt 0.294365 0.151848 0.000000
vt 0.433358 0.151889 0.000000
vt 0.433358 0.086590 0.000000
vt 0.566642 0.151889 0.000000
vt 0.566642 0.086590 0.000000
vt 0.705635 0.151848 0.000000
vt 0.705635 0.086633 0.000000
vt 0.852724 0.151797 0.000000
vt 0.852724 0.086686 0.000000
vt 1.000000 0.151775 0.000000
vt 1.000000 0.086710 0.000000
vt 0.000000 0.086710 0.000000
vt 0.000000 0.151775 0.000000
vt 0.147276 0.151797 0.000000
vt 0.147276 0.086686 0.000000
vt 0.147276 0.238351 0.000000
vt 0.294365 0.238263 0.000000
vt 0.433358 0.238195 0.000000
vt 0.566642 0.238195 0.000000
vt 0.705635 0.238263 0.000000
vt 0.852724 0.238351 0.000000
vt 1.000000 0.238390 0.000000
vt 0.000000 0.238390 0.000000
vt 0.147276 0.073813 0.000000
vt 0.000000 0.073816 0.000000
vt 0.147348 0.998401 0.000000
vt 0.000000 0.998401 0.000000
vt 0.294365 0.073809 0.000000
vt 0.294449 0.998401 0.000000
vt 0.433358 0.073806 0.000000
vt 0.433392 0.998401 0.000000
vt 0.566642 0.073806 0.000000
vt 0.566608 0.998401 0.000000
vt 0.705635 0.073809 0.000000
vt 0.705551 0.998401 0.000000
vt 0.852724 0.073813 0.000000
vt 0.852652 0.998401 0.000000
vt 1.000000 0.073816 0.000000
vt 1.000000 0.998401 0.000000
vt 0.433358 0.234367 0.000000
vt 0.294365 0.234381 0.000000
vt 0.147276 0.234399 0.000000
vt 0.000000 0.234407 0.000000
vt 1.000000 0.234407 0.000000
vt 0.852724 0.234399 0.000000
vt 0.705635 0.234381 0.000000
vt 0.566642 0.234367 0.000000
vt 0.294365 0.155421 0.000000
vt 0.433358 0.155429 0.000000
vt 0.566642 0.155429 0.000000
vt 0.705635 0.155421 0.000000
vt 0.852724 0.155410 0.000000
vt 1.000000 0.155406 0.000000
vt 0.000000 0.155406 0.000000
vt 0.147276 0.155410 0.000000
vt 0.294365 0.160895 0.000000
vt 0.433358 0.160893 0.000000
vt 0.147276 0.160897 0.000000
vt 0.000000 0.160897 0.000000
vt 0.852724 0.160897 0.000000
vt 1.000000 0.160897 0.000000
vt 0.705635 0.160895 0.000000
vt 0.566642 0.160893 0.000000
vt 0.433358 0.082615 0.000000
vt 0.294365 0.082616 0.000000
vt 0.566642 0.082615 0.000000
vt 0.705635 0.082616 0.000000
vt 0.852724 0.082616 0.000000
vt 1.000000 0.082616 0.000000
vt 0.147276 0.082616 0.000000
vt 0.000000 0.082616 0.000000
vt 0.500000 0.500000 0.000000
# 177 texture coordinates

o Cylinder
usemtl Mat_1
f 436/309/260 416/308/260 404/209/260
f 435/309/261 800/311/261 792/310/261 417/308/261
f 440/315/262 444/314/262 424/313/262 420/312/262
f 443/314/262 448/317/262 428/316/262 425/313/262
f 447/317/263 704/319/263 696/318/263 429/316/263
f 708/322/264 411/321/264 700/320/264
f 456/323/260 437/309/260 403/209/260
f 455/323/265 752/324/265 801/311/265 438/309/265
f 460/326/266 464/325/266 445/314/266 439/315/266
f 463/325/266 468/327/266 449/317/266 446/314/266
f 467/327/267 712/328/267 705/319/267 450/317/267
f 716/329/264 412/321/264 707/322/264
f 476/330/260 457/323/260 402/209/260
f 475/330/268 760/331/268 753/324/268 458/323/268
f 480/333/269 484/332/269 465/325/269 459/326/269
f 483/332/269 488/334/269 469/327/269 466/325/269
f 487/334/270 720/335/270 713/328/270 470/327/270
f 724/336/264 413/321/264 715/329/264
f 496/337/271 477/330/271 401/209/271
f 495/337/272 768/338/272 761/331/272 478/330/272
f 500/340/273 504/339/273 485/332/273 479/333/273
f 503/339/273 508/341/273 489/334/273 486/332/273
f 507/341/273 728/342/273 721/335/273 490/334/273
f 732/343/264 414/321/264 723/336/264
f 516/344/271 497/337/271 407/209/271
f 515/344/274 776/345/274 769/338/274 498/337/274
f 520/347/275 524/346/275 505/339/275 499/340/275
f 523/346/275 528/348/275 509/341/275 506/339/275
f 527/348/276 736/349/276 729/342/276 510/341/276
f 740/350/264 408/321/264 731/343/264
f 536/351/260 517/344/260 406/209/260
f 535/351/277 784/352/277 777/345/277 518/344/277
f 540/354/278 544/353/278 525/346/278 519/347/278
f 543/353/278 548/355/278 529/348/278 526/346/278
f 547/355/278 744/356/278 737/349/278 530/348/278
f 748/357/264 409/321/264 739/350/264
f 415/308/260 537/351/260 405/209/260
f 418/210/279 791/358/279 785/352/279 538/351/279
f 421/360/280 423/359/280 545/353/280 539/354/280
f 426/359/280 427/361/280 549/355/280 546/353/280
f 430/361/281 695/362/281 745/356/281 550/355/281
f 701/363/264 410/321/264 747/357/264
f 920/367/282 880/366/282 872/365/282 928/364/282
f 929/364/283 871/365/283 864/369/283 936/368/283
f 937/368/284 863/369/284 912/371/284 944/370/284
f 945/375/285 911/374/285 904/373/285 952/372/285
f 953/372/286 903/373/286 896/377/286 960/376/286
f 961/376/287 895/377/287 888/379/287 968/378/287
f 969/378/288 887/379/288 881/366/288 919/367/288
f 764/383/289 984/382/289 976/381/289 756/380/289
f 772/385/290 992/384/290 985/382/290 763/383/290
f 780/387/291 1000/386/291 993/384/291 771/385/291
f 788/389/292 1008/388/292 1001/386/292 779/387/292
f 796/391/293 1016/390/293 1009/388/293 787/389/293
f 804/395/294 1024/394/294 1017/393/294 795/392/294
f 757/380/295 975/381/295 1025/394/295 803/395/295
f 816/399/296 924/398/296 932/397/296 808/396/296
f 824/401/297 972/400/297 925/398/297 815/399/297
f 832/403/298 964/402/298 973/400/298 823/401/298
f 840/405/299 956/404/299 965/402/299 831/403/299
f 848/407/300 948/406/300 957/404/300 839/405/300
f 856/411/301 940/410/301 949/409/301 847/408/301
f 809/396/302 931/397/302 941/410/302 855/411/302
f 988/415/303 820/414/303 812/413/303 980/412/303
f 996/417/304 828/416/304 821/414/304 987/415/304
f 1004/419/305 836/418/305 829/416/305 995/417/305
f 1012/421/306 844/420/306 837/418/306 1003/419/306
f 1020/423/307 852/422/307 845/420/307 1011/421/307
f 1028/427/308 860/426/308 853/425/308 1019/424/308
f 981/412/309 811/413/309 861/426/309 1027/427/309
f 876/429/310 461/326/310 442/315/310 868/428/310
f 884/430/311 481/333/311 462/326/311 875/429/311
f 892/431/312 501/340/312 482/333/312 883/430/312
f 900/432/313 521/347/313 502/340/313 891/431/313
f 908/433/314 541/354/314 522/347/314 899/432/314
f 916/434/315 422/360/315 542/354/315 907/433/315
f 869/428/316 441/315/316 419/312/316 915/435/316
f 692/437/317 688/436/317 805/395/317 798/392/317
f 684/439/318 680/438/318 709/322/318 699/320/318
f 687/436/319 676/440/319 758/380/319 806/395/319
f 679/438/320 672/441/320 717/329/320 710/322/320
f 675/440/321 668/442/321 765/383/321 755/380/321
f 671/441/322 636/443/322 725/336/322 718/329/322
f 667/442/323 632/444/323 773/385/323 766/383/323
f 635/443/324 628/445/324 733/343/324 726/336/324
f 631/444/325 624/446/325 781/387/325 774/385/325
f 627/445/326 620/447/326 741/350/326 734/343/326
f 623/446/327 616/448/327 789/389/327 782/387/327
f 619/447/328 612/449/328 749/357/328 742/350/328
f 615/448/329 693/450/329 797/391/329 790/389/329
f 611/449/330 685/451/330 702/363/330 750/357/330
f 608/453/331 604/452/331 885/430/331 878/429/331
f 600/454/332 609/453/332 877/429/332 867/428/332
f 596/455/333 601/454/333 870/428/333 918/435/333
f 592/457/334 597/456/334 917/434/334 910/433/334
f 588/458/335 593/457/335 909/433/335 902/432/335
f 584/459/336 589/458/336 901/432/336 894/431/336
f 603/452/337 585/459/337 893/431/337 886/430/337
f 552/461/338 532/460/338 813/413/338 819/414/338
f 512/462/339 553/461/339 822/414/339 827/416/339
f 492/463/340 513/462/340 830/416/340 835/418/340
f 472/464/341 493/463/341 838/418/341 843/420/341
f 452/465/342 473/464/342 846/420/342 851/422/342
f 432/467/343 453/466/343 854/425/343 859/426/343
f 531/460/344 433/467/344 862/426/344 814/413/344
f 691/437/345 793/310/345 799/311/345 689/436/345
f 683/439/346 697/318/346 703/319/346 681/438/346
f 690/436/347 802/311/347 751/324/347 677/440/347
f 682/438/348 706/319/348 711/328/348 673/441/348
f 678/440/349 754/324/349 759/331/349 669/442/349
f 674/441/350 714/328/350 719/335/350 637/443/350
f 670/442/351 762/331/351 767/338/351 633/444/351
f 638/443/352 722/335/352 727/342/352 629/445/352
f 634/444/353 770/338/353 775/345/353 625/446/353
f 630/445/354 730/342/354 735/349/354 621/447/354
f 626/446/355 778/345/355 783/352/355 617/448/355
f 622/447/356 738/349/356 743/356/356 613/449/356
f 618/448/357 786/352/357 794/358/357 694/450/357
f 614/449/358 746/356/358 698/362/358 686/451/358
f 607/453/359 873/365/359 879/366/359 605/452/359
f 599/454/360 865/369/360 874/365/360 610/453/360
f 595/455/361 913/371/361 866/369/361 602/454/361
f 591/457/362 905/373/362 914/374/362 598/456/362
f 587/458/363 897/377/363 906/373/363 594/457/363
f 583/459/364 889/379/364 898/377/364 590/458/364
f 606/452/365 882/366/365 890/379/365 586/459/365
f 551/461/366 817/399/366 807/396/366 533/460/366
f 511/462/367 825/401/367 818/399/367 554/461/367
f 491/463/368 833/403/368 826/401/368 514/462/368
f 471/464/369 841/405/369 834/403/369 494/463/369
f 451/465/370 849/407/370 842/405/370 474/464/370
f 431/467/371 857/411/371 850/408/371 454/466/371
f 534/460/372 810/396/372 858/411/372 434/467/372
f 664/469/373 660/468/373 933/397/373 923/398/373
f 659/468/374 656/470/374 942/410/374 934/397/374
f 655/470/375 652/471/375 950/409/375 939/410/375
f 651/473/376 648/472/376 958/404/376 947/406/376
f 647/472/377 644/474/377 966/402/377 955/404/377
f 643/474/378 640/475/378 974/400/378 963/402/378
f 639/475/379 665/469/379 926/398/379 971/400/379
f 580/477/380 576/476/380 989/415/380 979/412/380
f 575/476/381 572/478/381 997/417/381 990/415/381
f 571/478/382 568/479/382 1005/419/382 998/417/382
f 567/479/383 564/480/383 1013/421/383 1006/419/383
f 563/480/384 560/481/384 1021/423/384 1014/421/384
f 559/483/385 556/482/385 1029/427/385 1022/424/385
f 555/482/386 581/477/386 982/412/386 1030/427/386
f 663/469/387 921/367/387 927/364/387 661/468/387
f 662/468/388 930/364/388 935/368/388 657/470/388
f 658/470/389 938/368/389 943/370/389 653/471/389
f 654/473/390 946/375/390 951/372/390 649/472/390
f 650/472/391 954/372/391 959/376/391 645/474/391
f 646/474/392 962/376/392 967/378/392 641/475/392
f 642/475/393 970/378/393 922/367/393 666/469/393
f 579/477/394 977/381/394 983/382/394 577/476/394
f 578/476/395 986/382/395 991/384/395 573/478/395
f 574/478/396 994/384/396 999/386/396 569/479/396
f 570/479/397 1002/386/397 1007/388/397 565/480/397
f 566/480/398 1010/388/398 1015/390/398 561/481/398
f 562/483/399 1018/393/399 1023/394/399 557/482/399
f 558/482/400 1026/394/400 978/381/400 582/477/400
f 1031/209/401 407/209/401 1037/209/401 400/484/401
f 1038/321/401 414/321/401 1044/321/401 399/484/401
f 1047/308/401 416/308/401 1046/308/401 398/308/401
f 1051/312/401 420/312/401 1050/312/401 397/312/401
f 1055/313/401 424/313/401 1054/313/401 396/313/401
f 1059/316/401 428/316/401 1058/316/401 395/316/401
f 1063/467/401 432/467/401 1062/467/401 394/467/401
f 1067/309/401 436/309/401 1066/309/401 393/309/401
f 1071/315/401 440/315/401 1070/315/401 392/315/401
f 1075/314/401 444/314/401 1074/314/401 391/314/401
f 1079/317/401 448/317/401 1078/317/401 390/317/401
f 1083/466/401 452/466/401 1082/466/401 389/466/401
f 1087/323/401 456/323/401 1086/323/401 388/323/401
f 1091/326/401 460/326/401 1090/326/401 387/326/401
f 1095/325/401 464/325/401 1094/325/401 386/325/401
f 1099/327/401 468/327/401 1098/327/401 385/327/401
f 1103/464/401 472/464/401 1102/464/401 383/464/401
f 1107/330/401 476/330/401 1106/330/401 384/330/401
f 1111/333/401 480/333/401 1110/333/401 381/333/401
f 1115/332/401 484/332/401 1114/332/401 382/332/401
f 1119/334/401 488/334/401 1118/334/401 379/334/401
f 1123/463/401 492/463/401 1122/463/401 380/463/401
f 1127/337/401 496/337/401 1126/337/401 377/337/401
f 1131/340/401 500/340/401 1130/340/401 378/340/401
f 1135/339/401 504/339/401 1134/339/401 375/339/401
f 1139/341/401 508/341/401 1138/341/401 376/341/401
f 1143/462/401 512/462/401 1142/462/401 373/462/401
f 1147/344/401 516/344/401 1146/344/401 374/344/401
f 1151/347/401 520/347/401 1150/347/401 371/347/401
f 1155/346/401 524/346/401 1154/346/401 372/346/401
f 1159/348/401 528/348/401 1158/348/401 369/348/401
f 1163/460/401 532/460/401 1162/460/401 370/460/401
f 1167/351/401 536/351/401 1166/351/401 366/351/401
f 1171/354/401 540/354/401 1170/354/401 365/354/401
f 1175/353/401 544/353/401 1174/353/401 368/353/401
f 1179/355/401 548/355/401 1178/355/401 367/355/401
f 1183/461/401 552/461/401 1182/461/401 362/461/401
f 1187/482/401 556/482/401 1186/482/401 361/482/401
f 1191/483/401 560/483/401 1190/483/401 364/483/401
f 1195/480/401 564/480/401 1194/480/401 363/480/401
f 1199/479/401 568/479/401 1198/479/401 358/479/401
f 1203/478/401 572/478/401 1202/478/401 357/478/401
f 1207/476/401 576/476/401 1206/476/401 360/476/401
f 1211/477/401 580/477/401 1210/477/401 359/477/401
f 1215/459/401 584/459/401 1214/459/401 354/459/401
f 1219/458/401 588/458/401 1218/458/401 353/458/401
f 1223/457/401 592/457/401 1222/457/401 356/457/401
f 1227/455/401 596/455/401 1226/455/401 355/455/401
f 1231/454/401 600/454/401 1230/454/401 349/454/401
f 1235/452/401 604/452/401 1234/452/401 350/452/401
f 1239/453/401 608/453/401 1238/453/401 351/453/401
f 1243/449/401 612/449/401 1242/449/401 352/449/401
f 1247/448/401 616/448/401 1246/448/401 345/448/401
f 1251/447/401 620/447/401 1250/447/401 346/447/401
f 1255/446/401 624/446/401 1254/446/401 347/446/401
f 1259/445/401 628/445/401 1258/445/401 348/445/401
f 1263/444/401 632/444/401 1262/444/401 341/444/401
f 1267/443/401 636/443/401 1266/443/401 342/443/401
f 1271/475/401 640/475/401 1270/475/401 343/475/401
f 1275/474/401 644/474/401 1274/474/401 344/474/401
f 1279/472/401 648/472/401 1278/472/401 337/472/401
f 1283/471/401 652/471/401 1282/471/401 338/471/401
f 1287/470/401 656/470/401 1286/470/401 339/470/401
f 1291/468/401 660/468/401 1290/468/401 340/468/401
f 1295/469/401 664/469/401 1294/469/401 332/469/401
f 1299/442/401 668/442/401 1298/442/401 331/442/401
f 1303/441/401 672/441/401 1302/441/401 330/441/401
f 1307/440/401 676/440/401 1306/440/401 329/440/401
f 1311/438/401 680/438/401 1310/438/401 336/438/401
f 1315/439/401 684/439/401 1314/439/401 335/439/401
f 1319/436/401 688/436/401 1318/436/401 334/436/401
f 1323/437/401 692/437/401 1322/437/401 333/437/401
f 1327/318/401 696/318/401 1326/318/401 324/318/401
f 1331/320/401 700/320/401 1330/320/401 323/320/401
f 1335/319/401 704/319/401 1334/319/401 322/319/401
f 1339/322/401 708/322/401 1338/322/401 321/322/401
f 1343/328/401 712/328/401 1342/328/401 328/328/401
f 1347/329/401 716/329/401 1346/329/401 327/329/401
f 1351/335/401 720/335/401 1350/335/401 326/335/401
f 1355/336/401 724/336/401 1354/336/401 325/336/401
f 1359/342/401 728/342/401 1358/342/401 320/342/401
f 1363/343/401 732/343/401 1362/343/401 319/343/401
f 1367/349/401 736/349/401 1366/349/401 318/349/401
f 1371/350/401 740/350/401 1370/350/401 317/350/401
f 1375/356/401 744/356/401 1374/356/401 316/356/401
f 1379/357/401 748/357/401 1378/357/401 315/357/401
f 1383/324/401 752/324/401 1382/324/401 314/324/401
f 1387/380/401 756/380/401 1386/380/401 313/380/401
f 1391/331/401 760/331/401 1390/331/401 312/331/401
f 1395/383/401 764/383/401 1394/383/401 311/383/401
f 1399/338/401 768/338/401 1398/338/401 310/338/401
f 1403/385/401 772/385/401 1402/385/401 309/385/401
f 1407/345/401 776/345/401 1406/345/401 308/345/401
f 1411/387/401 780/387/401 1410/387/401 307/387/401
f 1415/352/401 784/352/401 1414/352/401 306/352/401
f 1419/389/401 788/389/401 1418/389/401 305/389/401
f 1423/310/401 792/310/401 1422/310/401 304/310/401
f 1427/392/401 796/392/401 1426/392/401 303/392/401
f 1431/311/401 800/311/401 1430/311/401 302/311/401
f 1435/395/401 804/395/401 1434/395/401 301/395/401
f 1439/396/401 808/396/401 1438/396/401 300/396/401
f 1443/413/401 812/413/401 1442/413/401 299/413/401
f 1447/399/401 816/399/401 1446/399/401 298/399/401
f 1451/414/401 820/414/401 1450/414/401 297/414/401
f 1455/401/401 824/401/401 1454/401/401 296/401/401
f 1459/416/401 828/416/401 1458/416/401 295/416/401
f 1463/403/401 832/403/401 1462/403/401 294/403/401
f 1467/418/401 836/418/401 1466/418/401 293/418/401
f 1471/405/401 840/405/401 1470/405/401 292/405/401
f 1475/420/401 844/420/401 1474/420/401 291/420/401
f 1479/408/401 848/408/401 1478/408/401 290/408/401
f 1483/425/401 852/425/401 1482/425/401 289/425/401
f 1487/411/401 856/411/401 1486/411/401 288/411/401
f 1491/426/401 860/426/401 1490/426/401 287/426/401
f 1495/369/401 864/369/401 1494/369/401 286/369/401
f 1499/428/401 868/428/401 1498/428/401 285/428/401
f 1503/365/401 872/365/401 1502/365/401 284/365/401
f 1507/429/401 876/429/401 1506/429/401 283/429/401
f 1511/366/401 880/366/401 1510/366/401 282/366/401
f 1515/430/401 884/430/401 1514/430/401 281/430/401
f 1519/379/401 888/379/401 1518/379/401 280/379/401
f 1523/431/401 892/431/401 1522/431/401 279/431/401
f 1527/377/401 896/377/401 1526/377/401 278/377/401
f 1531/432/401 900/432/401 1530/432/401 277/432/401
f 1535/373/401 904/373/401 1534/373/401 276/373/401
f 1539/433/401 908/433/401 1538/433/401 275/433/401
f 1543/371/401 912/371/401 1542/371/401 274/371/401
f 1547/435/401 916/435/401 1546/435/401 273/435/401
f 1551/367/401 920/367/401 1550/367/401 272/367/401
f 1555/398/401 924/398/401 1554/398/401 271/398/401
f 1559/364/401 928/364/401 1558/364/401 270/364/401
f 1563/397/401 932/397/401 1562/397/401 269/397/401
f 1567/368/401 936/368/401 1566/368/401 268/368/401
f 1571/410/401 940/410/401 1570/410/401 267/410/401
f 1575/370/401 944/370/401 1574/370/401 266/370/401
f 1579/409/401 948/409/401 1578/409/401 265/409/401
f 1583/372/401 952/372/401 1582/372/401 264/372/401
f 1587/404/401 956/404/401 1586/404/401 263/404/401
f 1591/376/401 960/376/401 1590/376/401 262/376/401
f 1595/402/401 964/402/401 1594/402/401 261/402/401
f 1599/378/401 968/378/401 1598/378/401 260/378/401
f 1603/400/401 972/400/401 1602/400/401 259/400/401
f 1607/381/401 976/381/401 1606/381/401 258/381/401
f 1611/412/401 980/412/401 1610/412/401 257/412/401
f 1615/382/401 984/382/401 1614/382/401 256/382/401
f 1619/415/401 988/415/401 1618/415/401 255/415/401
f 1623/384/401 992/384/401 1622/384/401 254/384/401
f 1627/417/401 996/417/401 1626/417/401 253/417/401
f 1631/386/401 1000/386/401 1630/386/401 252/386/401
f 1635/419/401 1004/419/401 1634/419/401 251/419/401
f 1639/388/401 1008/388/401 1638/388/401 250/388/401
f 1643/421/401 1012/421/401 1642/421/401 249/421/401
f 1647/393/401 1016/393/401 1646/393/401 248/393/401
f 1651/424/401 1020/424/401 1650/424/401 247/424/401
f 1655/394/401 1024/394/401 1654/394/401 246/394/401
f 1659/427/401 1028/427/401 1658/427/401 245/427/401
f 1033/209/401 1047/308/401 415/308/401 405/209/401
f 1046/308/401 1067/309/401 435/309/401 417/308/401
f 1066/309/401 1034/209/401 403/209/401 437/309/401
f 1045/308/401 1423/310/401 791/310/401 418/308/401
f 1422/310/401 1431/311/401 799/311/401 793/310/401
f 1430/311/401 1068/309/401 438/309/401 801/311/401
f 1050/312/401 1055/313/401 423/313/401 421/312/401
f 1054/313/401 1075/314/401 443/314/401 425/313/401
f 1074/314/401 1071/315/401 439/315/401 445/314/401
f 1070/315/401 1051/312/401 419/312/401 441/315/401
f 1053/313/401 1059/316/401 427/316/401 426/313/401
f 1058/316/401 1079/317/401 447/317/401 429/316/401
f 1078/317/401 1076/314/401 446/314/401 449/317/401
f 1057/316/401 1327/318/401 695/318/401 430/316/401
f 1326/318/401 1335/319/401 703/319/401 697/318/401
f 1334/319/401 1080/317/401 450/317/401 705/319/401
f 1330/320/401 1041/321/401 410/321/401 701/320/401
f 1040/321/401 1339/322/401 707/322/401 412/321/401
f 1338/322/401 1331/320/401 699/320/401 709/322/401
f 1065/309/401 1087/323/401 455/323/401 438/309/401
f 1086/323/401 1035/209/401 402/209/401 457/323/401
f 1429/311/401 1383/324/401 751/324/401 802/311/401
f 1382/324/401 1088/323/401 458/323/401 753/324/401
f 1073/314/401 1095/325/401 463/325/401 446/314/401
f 1094/325/401 1091/326/401 459/326/401 465/325/401
f 1090/326/401 1072/315/401 442/315/401 461/326/401
f 1077/317/401 1099/327/401 467/327/401 450/317/401
f 1098/327/401 1096/325/401 466/325/401 469/327/401
f 1333/319/401 1343/328/401 711/328/401 706/319/401
f 1342/328/401 1100/327/401 470/327/401 713/328/401
f 1039/321/401 1347/329/401 715/329/401 413/321/401
f 1346/329/401 1340/322/401 710/322/401 717/329/401
f 1085/323/401 1107/330/401 475/330/401 458/323/401
f 1106/330/401 1036/209/401 401/209/401 477/330/401
f 1381/324/401 1391/331/401 759/331/401 754/324/401
f 1390/331/401 1108/330/401 478/330/401 761/331/401
f 1093/325/401 1115/332/401 483/332/401 466/325/401
f 1114/332/401 1111/333/401 479/333/401 485/332/401
f 1110/333/401 1092/326/401 462/326/401 481/333/401
f 1097/327/401 1119/334/401 487/334/401 470/327/401
f 1118/334/401 1116/332/401 486/332/401 489/334/401
f 1341/328/401 1351/335/401 719/335/401 714/328/401
f 1350/335/401 1120/334/401 490/334/401 721/335/401
f 1038/321/401 1355/336/401 723/336/401 414/321/401
f 1354/336/401 1348/329/401 718/329/401 725/336/401
f 1105/330/401 1127/337/401 495/337/401 478/330/401
f 1126/337/401 1037/209/401 407/209/401 497/337/401
f 1389/331/401 1399/338/401 767/338/401 762/331/401
f 1398/338/401 1128/337/401 498/337/401 769/338/401
f 1113/332/401 1135/339/401 503/339/401 486/332/401
f 1134/339/401 1131/340/401 499/340/401 505/339/401
f 1130/340/401 1112/333/401 482/333/401 501/340/401
f 1117/334/401 1139/341/401 507/341/401 490/334/401
f 1138/341/401 1136/339/401 506/339/401 509/341/401
f 1349/335/401 1359/342/401 727/342/401 722/335/401
f 1358/342/401 1140/341/401 510/341/401 729/342/401
f 1044/321/401 1363/343/401 731/343/401 408/321/401
f 1362/343/401 1356/336/401 726/336/401 733/343/401
f 1125/337/401 1147/344/401 515/344/401 498/337/401
f 1146/344/401 1031/209/401 406/209/401 517/344/401
f 1397/338/401 1407/345/401 775/345/401 770/338/401
f 1406/345/401 1148/344/401 518/344/401 777/345/401
f 1133/339/401 1155/346/401 523/346/401 506/339/401
f 1154/346/401 1151/347/401 519/347/401 525/346/401
f 1150/347/401 1132/340/401 502/340/401 521/347/401
f 1137/341/401 1159/348/401 527/348/401 510/341/401
f 1158/348/401 1156/346/401 526/346/401 529/348/401
f 1357/342/401 1367/349/401 735/349/401 730/342/401
f 1366/349/401 1160/348/401 530/348/401 737/349/401
f 1043/321/401 1371/350/401 739/350/401 409/321/401
f 1370/350/401 1364/343/401 734/343/401 741/350/401
f 1145/344/401 1167/351/401 535/351/401 518/344/401
f 1166/351/401 1032/209/401 405/209/401 537/351/401
f 1405/345/401 1415/352/401 783/352/401 778/345/401
f 1414/352/401 1168/351/401 538/351/401 785/352/401
f 1153/346/401 1175/353/401 543/353/401 526/346/401
f 1174/353/401 1171/354/401 539/354/401 545/353/401
f 1170/354/401 1152/347/401 522/347/401 541/354/401
f 1157/348/401 1179/355/401 547/355/401 530/348/401
f 1178/355/401 1176/353/401 546/353/401 549/355/401
f 1365/349/401 1375/356/401 743/356/401 738/349/401
f 1374/356/401 1180/355/401 550/355/401 745/356/401
f 1042/321/401 1379/357/401 747/357/401 410/321/401
f 1378/357/401 1372/350/401 742/350/401 749/357/401
f 1165/351/401 1048/210/401 418/210/401 538/351/401
f 1413/352/401 1424/358/401 794/358/401 786/352/401
f 1173/353/401 1056/359/401 426/359/401 546/353/401
f 1049/360/401 1172/354/401 542/354/401 422/360/401
f 1177/355/401 1060/361/401 430/361/401 550/355/401
f 1373/356/401 1328/362/401 698/362/401 746/356/401
f 1329/363/401 1380/357/401 750/357/401 702/363/401
f 1558/364/401 1503/365/401 871/365/401 929/364/401
f 1502/365/401 1511/366/401 879/366/401 873/365/401
f 1510/366/401 1551/367/401 919/367/401 881/366/401
f 1550/367/401 1559/364/401 927/364/401 921/367/401
f 1566/368/401 1495/369/401 863/369/401 937/368/401
f 1494/369/401 1504/365/401 874/365/401 865/369/401
f 1557/364/401 1567/368/401 935/368/401 930/364/401
f 1574/370/401 1543/371/401 911/371/401 945/370/401
f 1542/371/401 1496/369/401 866/369/401 913/371/401
f 1565/368/401 1575/370/401 943/370/401 938/368/401
f 1582/372/401 1535/373/401 903/373/401 953/372/401
f 1534/373/401 1544/374/401 914/374/401 905/373/401
f 1573/375/401 1583/372/401 951/372/401 946/375/401
f 1590/376/401 1527/377/401 895/377/401 961/376/401
f 1526/377/401 1536/373/401 906/373/401 897/377/401
f 1581/372/401 1591/376/401 959/376/401 954/372/401
f 1598/378/401 1519/379/401 887/379/401 969/378/401
f 1518/379/401 1528/377/401 898/377/401 889/379/401
f 1589/376/401 1599/378/401 967/378/401 962/376/401
f 1509/366/401 1520/379/401 890/379/401 882/366/401
f 1597/378/401 1552/367/401 922/367/401 970/378/401
f 1386/380/401 1607/381/401 975/381/401 757/380/401
f 1606/381/401 1615/382/401 983/382/401 977/381/401
f 1614/382/401 1395/383/401 763/383/401 985/382/401
f 1394/383/401 1387/380/401 755/380/401 765/383/401
f 1613/382/401 1623/384/401 991/384/401 986/382/401
f 1622/384/401 1403/385/401 771/385/401 993/384/401
f 1402/385/401 1396/383/401 766/383/401 773/385/401
f 1621/384/401 1631/386/401 999/386/401 994/384/401
f 1630/386/401 1411/387/401 779/387/401 1001/386/401
f 1410/387/401 1404/385/401 774/385/401 781/387/401
f 1629/386/401 1639/388/401 1007/388/401 1002/386/401
f 1638/388/401 1419/389/401 787/389/401 1009/388/401
f 1418/389/401 1412/387/401 782/387/401 789/389/401
f 1637/388/401 1647/390/401 1015/390/401 1010/388/401
f 1646/393/401 1427/392/401 795/392/401 1017/393/401
f 1426/391/401 1420/389/401 790/389/401 797/391/401
f 1645/393/401 1655/394/401 1023/394/401 1018/393/401
f 1654/394/401 1435/395/401 803/395/401 1025/394/401
f 1434/395/401 1428/392/401 798/392/401 805/395/401
f 1653/394/401 1608/381/401 978/381/401 1026/394/401
f 1385/380/401 1436/395/401 806/395/401 758/380/401
f 1438/396/401 1563/397/401 931/397/401 809/396/401
f 1562/397/401 1555/398/401 923/398/401 933/397/401
f 1554/398/401 1447/399/401 815/399/401 925/398/401
f 1446/399/401 1439/396/401 807/396/401 817/399/401
f 1553/398/401 1603/400/401 971/400/401 926/398/401
f 1602/400/401 1455/401/401 823/401/401 973/400/401
f 1454/401/401 1448/399/401 818/399/401 825/401/401
f 1601/400/401 1595/402/401 963/402/401 974/400/401
f 1594/402/401 1463/403/401 831/403/401 965/402/401
f 1462/403/401 1456/401/401 826/401/401 833/403/401
f 1593/402/401 1587/404/401 955/404/401 966/402/401
f 1586/404/401 1471/405/401 839/405/401 957/404/401
f 1470/405/401 1464/403/401 834/403/401 841/405/401
f 1585/404/401 1579/406/401 947/406/401 958/404/401
f 1578/409/401 1479/408/401 847/408/401 949/409/401
f 1478/407/401 1472/405/401 842/405/401 849/407/401
f 1577/409/401 1571/410/401 939/410/401 950/409/401
f 1570/410/401 1487/411/401 855/411/401 941/410/401
f 1486/411/401 1480/408/401 850/408/401 857/411/401
f 1569/410/401 1564/397/401 934/397/401 942/410/401
f 1437/396/401 1488/411/401 858/411/401 810/396/401
f 1610/412/401 1443/413/401 811/413/401 981/412/401
f 1442/413/401 1451/414/401 819/414/401 813/413/401
f 1450/414/401 1619/415/401 987/415/401 821/414/401
f 1618/415/401 1611/412/401 979/412/401 989/415/401
f 1449/414/401 1459/416/401 827/416/401 822/414/401
f 1458/416/401 1627/417/401 995/417/401 829/416/401
f 1626/417/401 1620/415/401 990/415/401 997/417/401
f 1457/416/401 1467/418/401 835/418/401 830/416/401
f 1466/418/401 1635/419/401 1003/419/401 837/418/401
f 1634/419/401 1628/417/401 998/417/401 1005/419/401
f 1465/418/401 1475/420/401 843/420/401 838/418/401
f 1474/420/401 1643/421/401 1011/421/401 845/420/401
f 1642/421/401 1636/419/401 1006/419/401 1013/421/401
f 1473/420/401 1483/422/401 851/422/401 846/420/401
f 1482/425/401 1651/424/401 1019/424/401 853/425/401
f 1650/423/401 1644/421/401 1014/421/401 1021/423/401
f 1481/425/401 1491/426/401 859/426/401 854/425/401
f 1490/426/401 1659/427/401 1027/427/401 861/426/401
f 1658/427/401 1652/424/401 1022/424/401 1029/427/401
f 1489/426/401 1444/413/401 814/413/401 862/426/401
f 1609/412/401 1660/427/401 1030/427/401 982/412/401
f 1498/428/401 1069/315/401 441/315/401 869/428/401
f 1089/326/401 1507/429/401 875/429/401 462/326/401
f 1506/429/401 1499/428/401 867/428/401 877/429/401
f 1109/333/401 1515/430/401 883/430/401 482/333/401
f 1514/430/401 1508/429/401 878/429/401 885/430/401
f 1129/340/401 1523/431/401 891/431/401 502/340/401
f 1522/431/401 1516/430/401 886/430/401 893/431/401
f 1149/347/401 1531/432/401 899/432/401 522/347/401
f 1530/432/401 1524/431/401 894/431/401 901/432/401
f 1169/354/401 1539/433/401 907/433/401 542/354/401
f 1538/433/401 1532/432/401 902/432/401 909/433/401
f 1052/312/401 1547/435/401 915/435/401 419/312/401
f 1546/434/401 1540/433/401 910/433/401 917/434/401
f 1497/428/401 1548/435/401 918/435/401 870/428/401
f 1433/395/401 1319/436/401 687/436/401 806/395/401
f 1318/436/401 1323/437/401 691/437/401 689/436/401
f 1322/437/401 1425/392/401 797/392/401 693/437/401
f 1337/322/401 1311/438/401 679/438/401 710/322/401
f 1310/438/401 1315/439/401 683/439/401 681/438/401
f 1314/439/401 1332/320/401 702/320/401 685/439/401
f 1388/380/401 1307/440/401 675/440/401 755/380/401
f 1306/440/401 1320/436/401 690/436/401 677/440/401
f 1345/329/401 1303/441/401 671/441/401 718/329/401
f 1302/441/401 1312/438/401 682/438/401 673/441/401
f 1393/383/401 1299/442/401 667/442/401 766/383/401
f 1298/442/401 1308/440/401 678/440/401 669/442/401
f 1353/336/401 1267/443/401 635/443/401 726/336/401
f 1266/443/401 1304/441/401 674/441/401 637/443/401
f 1401/385/401 1263/444/401 631/444/401 774/385/401
f 1262/444/401 1300/442/401 670/442/401 633/444/401
f 1361/343/401 1259/445/401 627/445/401 734/343/401
f 1258/445/401 1268/443/401 638/443/401 629/445/401
f 1409/387/401 1255/446/401 623/446/401 782/387/401
f 1254/446/401 1264/444/401 634/444/401 625/446/401
f 1369/350/401 1251/447/401 619/447/401 742/350/401
f 1250/447/401 1260/445/401 630/445/401 621/447/401
f 1417/389/401 1247/448/401 615/448/401 790/389/401
f 1246/448/401 1256/446/401 626/446/401 617/448/401
f 1377/357/401 1243/449/401 611/449/401 750/357/401
f 1242/449/401 1252/447/401 622/447/401 613/449/401
f 1321/450/401 1248/448/401 618/448/401 694/450/401
f 1313/451/401 1244/449/401 614/449/401 686/451/401
f 1513/430/401 1235/452/401 603/452/401 886/430/401
f 1234/452/401 1239/453/401 607/453/401 605/452/401
f 1238/453/401 1505/429/401 877/429/401 609/453/401
f 1237/453/401 1231/454/401 599/454/401 610/453/401
f 1230/454/401 1500/428/401 870/428/401 601/454/401
f 1229/454/401 1227/455/401 595/455/401 602/454/401
f 1226/455/401 1545/435/401 917/435/401 597/455/401
f 1225/456/401 1223/457/401 591/457/401 598/456/401
f 1222/457/401 1537/433/401 909/433/401 593/457/401
f 1221/457/401 1219/458/401 587/458/401 594/457/401
f 1218/458/401 1529/432/401 901/432/401 589/458/401
f 1217/458/401 1215/459/401 583/459/401 590/458/401
f 1214/459/401 1521/431/401 893/431/401 585/459/401
f 1213/459/401 1236/452/401 606/452/401 586/459/401
f 1441/413/401 1163/460/401 531/460/401 814/413/401
f 1162/460/401 1183/461/401 551/461/401 533/460/401
f 1182/461/401 1452/414/401 822/414/401 553/461/401
f 1181/461/401 1143/462/401 511/462/401 554/461/401
f 1142/462/401 1460/416/401 830/416/401 513/462/401
f 1141/462/401 1123/463/401 491/463/401 514/462/401
f 1122/463/401 1468/418/401 838/418/401 493/463/401
f 1121/463/401 1103/464/401 471/464/401 494/463/401
f 1102/464/401 1476/420/401 846/420/401 473/464/401
f 1101/464/401 1083/465/401 451/465/401 474/464/401
f 1082/466/401 1484/425/401 854/425/401 453/466/401
f 1081/466/401 1063/467/401 431/467/401 454/466/401
f 1062/467/401 1492/426/401 862/426/401 433/467/401
f 1061/467/401 1164/460/401 534/460/401 434/467/401
f 1317/436/401 1432/311/401 802/311/401 690/436/401
f 1421/310/401 1324/437/401 694/437/401 794/310/401
f 1309/438/401 1336/319/401 706/319/401 682/438/401
f 1325/318/401 1316/439/401 686/439/401 698/318/401
f 1305/440/401 1384/324/401 754/324/401 678/440/401
f 1301/441/401 1344/328/401 714/328/401 674/441/401
f 1297/442/401 1392/331/401 762/331/401 670/442/401
f 1265/443/401 1352/335/401 722/335/401 638/443/401
f 1261/444/401 1400/338/401 770/338/401 634/444/401
f 1257/445/401 1360/342/401 730/342/401 630/445/401
f 1253/446/401 1408/345/401 778/345/401 626/446/401
f 1249/447/401 1368/349/401 738/349/401 622/447/401
f 1245/448/401 1416/352/401 786/352/401 618/448/401
f 1241/449/401 1376/356/401 746/356/401 614/449/401
f 1233/452/401 1512/366/401 882/366/401 606/452/401
f 1501/365/401 1240/453/401 610/453/401 874/365/401
f 1493/369/401 1232/454/401 602/454/401 866/369/401
f 1541/371/401 1228/455/401 598/455/401 914/371/401
f 1533/373/401 1224/457/401 594/457/401 906/373/401
f 1525/377/401 1220/458/401 590/458/401 898/377/401
f 1517/379/401 1216/459/401 586/459/401 890/379/401
f 1161/460/401 1440/396/401 810/396/401 534/460/401
f 1445/399/401 1184/461/401 554/461/401 818/399/401
f 1453/401/401 1144/462/401 514/462/401 826/401/401
f 1461/403/401 1124/463/401 494/463/401 834/403/401
f 1469/405/401 1104/464/401 474/464/401 842/405/401
f 1477/408/401 1084/466/401 454/466/401 850/408/401
f 1485/411/401 1064/467/401 434/467/401 858/411/401
f 1561/397/401 1291/468/401 659/468/401 934/397/401
f 1290/468/401 1295/469/401 663/469/401 661/468/401
f 1294/469/401 1556/398/401 926/398/401 665/469/401
f 1572/410/401 1287/470/401 655/470/401 939/410/401
f 1286/470/401 1292/468/401 662/468/401 657/470/401
f 1580/409/401 1283/471/401 651/471/401 947/409/401
f 1282/471/401 1288/470/401 658/470/401 653/471/401
f 1588/404/401 1279/472/401 647/472/401 955/404/401
f 1278/472/401 1284/473/401 654/473/401 649/472/401
f 1596/402/401 1275/474/401 643/474/401 963/402/401
f 1274/474/401 1280/472/401 650/472/401 645/474/401
f 1604/400/401 1271/475/401 639/475/401 971/400/401
f 1270/475/401 1276/474/401 646/474/401 641/475/401
f 1293/469/401 1272/475/401 642/475/401 666/469/401
f 1617/415/401 1207/476/401 575/476/401 990/415/401
f 1206/476/401 1211/477/401 579/477/401 577/476/401
f 1210/477/401 1612/412/401 982/412/401 581/477/401
f 1625/417/401 1203/478/401 571/478/401 998/417/401
f 1202/478/401 1208/476/401 578/476/401 573/478/401
f 1633/419/401 1199/479/401 567/479/401 1006/419/401
f 1198/479/401 1204/478/401 574/478/401 569/479/401
f 1641/421/401 1195/480/401 563/480/401 1014/421/401
f 1194/480/401 1200/479/401 570/479/401 565/480/401
f 1649/424/401 1191/483/401 559/483/401 1022/424/401
f 1190/481/401 1196/480/401 566/480/401 561/481/401
f 1657/427/401 1187/482/401 555/482/401 1030/427/401
f 1186/482/401 1192/483/401 562/483/401 557/482/401
f 1209/477/401 1188/482/401 558/482/401 582/477/401
f 1289/468/401 1560/364/401 930/364/401 662/468/401
f 1549/367/401 1296/469/401 666/469/401 922/367/401
f 1285/470/401 1568/368/401 938/368/401 658/470/401
f 1281/471/401 1576/370/401 946/370/401 654/471/401
f 1277/472/401 1584/372/401 954/372/401 650/472/401
f 1273/474/401 1592/376/401 962/376/401 646/474/401
f 1269/475/401 1600/378/401 970/378/401 642/475/401
f 1205/476/401 1616/382/401 986/382/401 578/476/401
f 1605/381/401 1212/477/401 582/477/401 978/381/401
f 1201/478/401 1624/384/401 994/384/401 574/478/401
f 1197/479/401 1632/386/401 1002/386/401 570/479/401
f 1193/480/401 1640/388/401 1010/388/401 566/480/401
f 1189/483/401 1648/393/401 1018/393/401 562/483/401
f 1185/482/401 1656/394/401 1026/394/401 558/482/401
f 1032/209/401 406/209/401 1031/209/401 400/484/401
f 1033/209/401 405/209/401 1032/209/401 400/484/401
f 1034/209/401 404/209/401 1033/209/401 400/484/401
f 1035/209/401 403/209/401 1034/209/401 400/484/401
f 1036/209/401 402/209/401 1035/209/401 400/484/401
f 1037/209/401 401/209/401 1036/209/401 400/484/401
f 1039/321/401 413/321/401 1038/321/401 399/484/401
f 1040/321/401 412/321/401 1039/321/401 399/484/401
f 1041/321/401 411/321/401 1040/321/401 399/484/401
f 1042/321/401 410/321/401 1041/321/401 399/484/401
f 1043/321/401 409/321/401 1042/321/401 399/484/401
f 1044/321/401 408/321/401 1043/321/401 399/484/401
f 1048/308/401 398/308/401 1045/308/401 418/308/401
f 398/308/401 1046/308/401 417/308/401 1045/308/401
f 415/308/401 1047/308/401 398/308/401 1048/308/401
f 1052/312/401 397/312/401 1049/312/401 422/312/401
f 397/312/401 1050/312/401 421/312/401 1049/312/401
f 419/312/401 1051/312/401 397/312/401 1052/312/401
f 1056/313/401 396/313/401 1053/313/401 426/313/401
f 396/313/401 1054/313/401 425/313/401 1053/313/401
f 423/313/401 1055/313/401 396/313/401 1056/313/401
f 1060/316/401 395/316/401 1057/316/401 430/316/401
f 395/316/401 1058/316/401 429/316/401 1057/316/401
f 427/316/401 1059/316/401 395/316/401 1060/316/401
f 1064/467/401 394/467/401 1061/467/401 434/467/401
f 394/467/401 1062/467/401 433/467/401 1061/467/401
f 431/467/401 1063/467/401 394/467/401 1064/467/401
f 1068/309/401 393/309/401 1065/309/401 438/309/401
f 393/309/401 1066/309/401 437/309/401 1065/309/401
f 435/309/401 1067/309/401 393/309/401 1068/309/401
f 1072/315/401 392/315/401 1069/315/401 442/315/401
f 392/315/401 1070/315/401 441/315/401 1069/315/401
f 439/315/401 1071/315/401 392/315/401 1072/315/401
f 1076/314/401 391/314/401 1073/314/401 446/314/401
f 391/314/401 1074/314/401 445/314/401 1073/314/401
f 443/314/401 1075/314/401 391/314/401 1076/314/401
f 1080/317/401 390/317/401 1077/317/401 450/317/401
f 390/317/401 1078/317/401 449/317/401 1077/317/401
f 447/317/401 1079/317/401 390/317/401 1080/317/401
f 1084/466/401 389/466/401 1081/466/401 454/466/401
f 389/466/401 1082/466/401 453/466/401 1081/466/401
f 451/466/401 1083/466/401 389/466/401 1084/466/401
f 1088/323/401 388/323/401 1085/323/401 458/323/401
f 388/323/401 1086/323/401 457/323/401 1085/323/401
f 455/323/401 1087/323/401 388/323/401 1088/323/401
f 1092/326/401 387/326/401 1089/326/401 462/326/401
f 387/326/401 1090/326/401 461/326/401 1089/326/401
f 459/326/401 1091/326/401 387/326/401 1092/326/401
f 1096/325/401 386/325/401 1093/325/401 466/325/401
f 386/325/401 1094/325/401 465/325/401 1093/325/401
f 463/325/401 1095/325/401 386/325/401 1096/325/401
f 1100/327/401 385/327/401 1097/327/401 470/327/401
f 385/327/401 1098/327/401 469/327/401 1097/327/401
f 467/327/401 1099/327/401 385/327/401 1100/327/401
f 1108/330/401 384/330/401 1105/330/401 478/330/401
f 384/330/401 1106/330/401 477/330/401 1105/330/401
f 475/330/401 1107/330/401 384/330/401 1108/330/401
f 1104/464/401 383/464/401 1101/464/401 474/464/401
f 383/464/401 1102/464/401 473/464/401 1101/464/401
f 471/464/401 1103/464/401 383/464/401 1104/464/401
f 1116/332/401 382/332/401 1113/332/401 486/332/401
f 382/332/401 1114/332/401 485/332/401 1113/332/401
f 483/332/401 1115/332/401 382/332/401 1116/332/401
f 1112/333/401 381/333/401 1109/333/401 482/333/401
f 381/333/401 1110/333/401 481/333/401 1109/333/401
f 479/333/401 1111/333/401 381/333/401 1112/333/401
f 1124/463/401 380/463/401 1121/463/401 494/463/401
f 380/463/401 1122/463/401 493/463/401 1121/463/401
f 491/463/401 1123/463/401 380/463/401 1124/463/401
f 1120/334/401 379/334/401 1117/334/401 490/334/401
f 379/334/401 1118/334/401 489/334/401 1117/334/401
f 487/334/401 1119/334/401 379/334/401 1120/334/401
f 1132/340/401 378/340/401 1129/340/401 502/340/401
f 378/340/401 1130/340/401 501/340/401 1129/340/401
f 499/340/401 1131/340/401 378/340/401 1132/340/401
f 1128/337/401 377/337/401 1125/337/401 498/337/401
f 377/337/401 1126/337/401 497/337/401 1125/337/401
f 495/337/401 1127/337/401 377/337/401 1128/337/401
f 1140/341/401 376/341/401 1137/341/401 510/341/401
f 376/341/401 1138/341/401 509/341/401 1137/341/401
f 507/341/401 1139/341/401 376/341/401 1140/341/401
f 1136/339/401 375/339/401 1133/339/401 506/339/401
f 375/339/401 1134/339/401 505/339/401 1133/339/401
f 503/339/401 1135/339/401 375/339/401 1136/339/401
f 1148/344/401 374/344/401 1145/344/401 518/344/401
f 374/344/401 1146/344/401 517/344/401 1145/344/401
f 515/344/401 1147/344/401 374/344/401 1148/344/401
f 1144/462/401 373/462/401 1141/462/401 514/462/401
f 373/462/401 1142/462/401 513/462/401 1141/462/401
f 511/462/401 1143/462/401 373/462/401 1144/462/401
f 1156/346/401 372/346/401 1153/346/401 526/346/401
f 372/346/401 1154/346/401 525/346/401 1153/346/401
f 523/346/401 1155/346/401 372/346/401 1156/346/401
f 1152/347/401 371/347/401 1149/347/401 522/347/401
f 371/347/401 1150/347/401 521/347/401 1149/347/401
f 519/347/401 1151/347/401 371/347/401 1152/347/401
f 1164/460/401 370/460/401 1161/460/401 534/460/401
f 370/460/401 1162/460/401 533/460/401 1161/460/401
f 531/460/401 1163/460/401 370/460/401 1164/460/401
f 1160/348/401 369/348/401 1157/348/401 530/348/401
f 369/348/401 1158/348/401 529/348/401 1157/348/401
f 527/348/401 1159/348/401 369/348/401 1160/348/401
f 1176/353/401 368/353/401 1173/353/401 546/353/401
f 368/353/401 1174/353/401 545/353/401 1173/353/401
f 543/353/401 1175/353/401 368/353/401 1176/353/401
f 1180/355/401 367/355/401 1177/355/401 550/355/401
f 367/355/401 1178/355/401 549/355/401 1177/355/401
f 547/355/401 1179/355/401 367/355/401 1180/355/401
f 1168/351/401 366/351/401 1165/351/401 538/351/401
f 366/351/401 1166/351/401 537/351/401 1165/351/401
f 535/351/401 1167/351/401 366/351/401 1168/351/401
f 1172/354/401 365/354/401 1169/354/401 542/354/401
f 365/354/401 1170/354/401 541/354/401 1169/354/401
f 539/354/401 1171/354/401 365/354/401 1172/354/401
f 1192/483/401 364/483/401 1189/483/401 562/483/401
f 364/483/401 1190/483/401 561/483/401 1189/483/401
f 559/483/401 1191/483/401 364/483/401 1192/483/401
f 1196/480/401 363/480/401 1193/480/401 566/480/401
f 363/480/401 1194/480/401 565/480/401 1193/480/401
f 563/480/401 1195/480/401 363/480/401 1196/480/401
f 1184/461/401 362/461/401 1181/461/401 554/461/401
f 362/461/401 1182/461/401 553/461/401 1181/461/401
f 551/461/401 1183/461/401 362/461/401 1184/461/401
f 1188/482/401 361/482/401 1185/482/401 558/482/401
f 361/482/401 1186/482/401 557/482/401 1185/482/401
f 555/482/401 1187/482/401 361/482/401 1188/482/401
f 1208/476/401 360/476/401 1205/476/401 578/476/401
f 360/476/401 1206/476/401 577/476/401 1205/476/401
f 575/476/401 1207/476/401 360/476/401 1208/476/401
f 1212/477/401 359/477/401 1209/477/401 582/477/401
f 359/477/401 1210/477/401 581/477/401 1209/477/401
f 579/477/401 1211/477/401 359/477/401 1212/477/401
f 1200/479/401 358/479/401 1197/479/401 570/479/401
f 358/479/401 1198/479/401 569/479/401 1197/479/401
f 567/479/401 1199/479/401 358/479/401 1200/479/401
f 1204/478/401 357/478/401 1201/478/401 574/478/401
f 357/478/401 1202/478/401 573/478/401 1201/478/401
f 571/478/401 1203/478/401 357/478/401 1204/478/401
f 1224/457/401 356/457/401 1221/457/401 594/457/401
f 356/457/401 1222/457/401 593/457/401 1221/457/401
f 591/457/401 1223/457/401 356/457/401 1224/457/401
f 1228/455/401 355/455/401 1225/455/401 598/455/401
f 355/455/401 1226/455/401 597/455/401 1225/455/401
f 595/455/401 1227/455/401 355/455/401 1228/455/401
f 1216/459/401 354/459/401 1213/459/401 586/459/401
f 354/459/401 1214/459/401 585/459/401 1213/459/401
f 583/459/401 1215/459/401 354/459/401 1216/459/401
f 1220/458/401 353/458/401 1217/458/401 590/458/401
f 353/458/401 1218/458/401 589/458/401 1217/458/401
f 587/458/401 1219/458/401 353/458/401 1220/458/401
f 1244/449/401 352/449/401 1241/449/401 614/449/401
f 352/449/401 1242/449/401 613/449/401 1241/449/401
f 611/449/401 1243/449/401 352/449/401 1244/449/401
f 1240/453/401 351/453/401 1237/453/401 610/453/401
f 351/453/401 1238/453/401 609/453/401 1237/453/401
f 607/453/401 1239/453/401 351/453/401 1240/453/401
f 1236/452/401 350/452/401 1233/452/401 606/452/401
f 350/452/401 1234/452/401 605/452/401 1233/452/401
f 603/452/401 1235/452/401 350/452/401 1236/452/401
f 1232/454/401 349/454/401 1229/454/401 602/454/401
f 349/454/401 1230/454/401 601/454/401 1229/454/401
f 599/454/401 1231/454/401 349/454/401 1232/454/401
f 1260/445/401 348/445/401 1257/445/401 630/445/401
f 348/445/401 1258/445/401 629/445/401 1257/445/401
f 627/445/401 1259/445/401 348/445/401 1260/445/401
f 1256/446/401 347/446/401 1253/446/401 626/446/401
f 347/446/401 1254/446/401 625/446/401 1253/446/401
f 623/446/401 1255/446/401 347/446/401 1256/446/401
f 1252/447/401 346/447/401 1249/447/401 622/447/401
f 346/447/401 1250/447/401 621/447/401 1249/447/401
f 619/447/401 1251/447/401 346/447/401 1252/447/401
f 1248/448/401 345/448/401 1245/448/401 618/448/401
f 345/448/401 1246/448/401 617/448/401 1245/448/401
f 615/448/401 1247/448/401 345/448/401 1248/448/401
f 1276/474/401 344/474/401 1273/474/401 646/474/401
f 344/474/401 1274/474/401 645/474/401 1273/474/401
f 643/474/401 1275/474/401 344/474/401 1276/474/401
f 1272/475/401 343/475/401 1269/475/401 642/475/401
f 343/475/401 1270/475/401 641/475/401 1269/475/401
f 639/475/401 1271/475/401 343/475/401 1272/475/401
f 1268/443/401 342/443/401 1265/443/401 638/443/401
f 342/443/401 1266/443/401 637/443/401 1265/443/401
f 635/443/401 1267/443/401 342/443/401 1268/443/401
f 1264/444/401 341/444/401 1261/444/401 634/444/401
f 341/444/401 1262/444/401 633/444/401 1261/444/401
f 631/444/401 1263/444/401 341/444/401 1264/444/401
f 1292/468/401 340/468/401 1289/468/401 662/468/401
f 340/468/401 1290/468/401 661/468/401 1289/468/401
f 659/468/401 1291/468/401 340/468/401 1292/468/401
f 1288/470/401 339/470/401 1285/470/401 658/470/401
f 339/470/401 1286/470/401 657/470/401 1285/470/401
f 655/470/401 1287/470/401 339/470/401 1288/470/401
f 1284/471/401 338/471/401 1281/471/401 654/471/401
f 338/471/401 1282/471/401 653/471/401 1281/471/401
f 651/471/401 1283/471/401 338/471/401 1284/471/401
f 1280/472/401 337/472/401 1277/472/401 650/472/401
f 337/472/401 1278/472/401 649/472/401 1277/472/401
f 647/472/401 1279/472/401 337/472/401 1280/472/401
f 1312/438/401 336/438/401 1309/438/401 682/438/401
f 336/438/401 1310/438/401 681/438/401 1309/438/401
f 679/438/401 1311/438/401 336/438/401 1312/438/401
f 1316/439/401 335/439/401 1313/439/401 686/439/401
f 335/439/401 1314/439/401 685/439/401 1313/439/401
f 683/439/401 1315/439/401 335/439/401 1316/439/401
f 1320/436/401 334/436/401 1317/436/401 690/436/401
f 334/436/401 1318/436/401 689/436/401 1317/436/401
f 687/436/401 1319/436/401 334/436/401 1320/436/401
f 1324/437/401 333/437/401 1321/437/401 694/437/401
f 333/437/401 1322/437/401 693/437/401 1321/437/401
f 691/437/401 1323/437/401 333/437/401 1324/437/401
f 1296/469/401 332/469/401 1293/469/401 666/469/401
f 332/469/401 1294/469/401 665/469/401 1293/469/401
f 663/469/401 1295/469/401 332/469/401 1296/469/401
f 1300/442/401 331/442/401 1297/442/401 670/442/401
f 331/442/401 1298/442/401 669/442/401 1297/442/401
f 667/442/401 1299/442/401 331/442/401 1300/442/401
f 1304/441/401 330/441/401 1301/441/401 674/441/401
f 330/441/401 1302/441/401 673/441/401 1301/441/401
f 671/441/401 1303/441/401 330/441/401 1304/441/401
f 1308/440/401 329/440/401 1305/440/401 678/440/401
f 329/440/401 1306/440/401 677/440/401 1305/440/401
f 675/440/401 1307/440/401 329/440/401 1308/440/401
f 1344/328/401 328/328/401 1341/328/401 714/328/401
f 328/328/401 1342/328/401 713/328/401 1341/328/401
f 711/328/401 1343/328/401 328/328/401 1344/328/401
f 1348/329/401 327/329/401 1345/329/401 718/329/401
f 327/329/401 1346/329/401 717/329/401 1345/329/401
f 715/329/401 1347/329/401 327/329/401 1348/329/401
f 1352/335/401 326/335/401 1349/335/401 722/335/401
f 326/335/401 1350/335/401 721/335/401 1349/335/401
f 719/335/401 1351/335/401 326/335/401 1352/335/401
f 1356/336/401 325/336/401 1353/336/401 726/336/401
f 325/336/401 1354/336/401 725/336/401 1353/336/401
f 723/336/401 1355/336/401 325/336/401 1356/336/401
f 1328/318/401 324/318/401 1325/318/401 698/318/401
f 324/318/401 1326/318/401 697/318/401 1325/318/401
f 695/318/401 1327/318/401 324/318/401 1328/318/401
f 1332/320/401 323/320/401 1329/320/401 702/320/401
f 323/320/401 1330/320/401 701/320/401 1329/320/401
f 699/320/401 1331/320/401 323/320/401 1332/320/401
f 1336/319/401 322/319/401 1333/319/401 706/319/401
f 322/319/401 1334/319/401 705/319/401 1333/319/401
f 703/319/401 1335/319/401 322/319/401 1336/319/401
f 1340/322/401 321/322/401 1337/322/401 710/322/401
f 321/322/401 1338/322/401 709/322/401 1337/322/401
f 707/322/401 1339/322/401 321/322/401 1340/322/401
f 1360/342/401 320/342/401 1357/342/401 730/342/401
f 320/342/401 1358/342/401 729/342/401 1357/342/401
f 727/342/401 1359/342/401 320/342/401 1360/342/401
f 1364/343/401 319/343/401 1361/343/401 734/343/401
f 319/343/401 1362/343/401 733/343/401 1361/343/401
f 731/343/401 1363/343/401 319/343/401 1364/343/401
f 1368/349/401 318/349/401 1365/349/401 738/349/401
f 318/349/401 1366/349/401 737/349/401 1365/349/401
f 735/349/401 1367/349/401 318/349/401 1368/349/401
f 1372/350/401 317/350/401 1369/350/401 742/350/401
f 317/350/401 1370/350/401 741/350/401 1369/350/401
f 739/350/401 1371/350/401 317/350/401 1372/350/401
f 1376/356/401 316/356/401 1373/356/401 746/356/401
f 316/356/401 1374/356/401 745/356/401 1373/356/401
f 743/356/401 1375/356/401 316/356/401 1376/356/401
f 1380/357/401 315/357/401 1377/357/401 750/357/401
f 315/357/401 1378/357/401 749/357/401 1377/357/401
f 747/357/401 1379/357/401 315/357/401 1380/357/401
f 1384/324/401 314/324/401 1381/324/401 754/324/401
f 314/324/401 1382/324/401 753/324/401 1381/324/401
f 751/324/401 1383/324/401 314/324/401 1384/324/401
f 1388/380/401 313/380/401 1385/380/401 758/380/401
f 313/380/401 1386/380/401 757/380/401 1385/380/401
f 755/380/401 1387/380/401 313/380/401 1388/380/401
f 1392/331/401 312/331/401 1389/331/401 762/331/401
f 312/331/401 1390/331/401 761/331/401 1389/331/401
f 759/331/401 1391/331/401 312/331/401 1392/331/401
f 1396/383/401 311/383/401 1393/383/401 766/383/401
f 311/383/401 1394/383/401 765/383/401 1393/383/401
f 763/383/401 1395/383/401 311/383/401 1396/383/401
f 1400/338/401 310/338/401 1397/338/401 770/338/401
f 310/338/401 1398/338/401 769/338/401 1397/338/401
f 767/338/401 1399/338/401 310/338/401 1400/338/401
f 1404/385/401 309/385/401 1401/385/401 774/385/401
f 309/385/401 1402/385/401 773/385/401 1401/385/401
f 771/385/401 1403/385/401 309/385/401 1404/385/401
f 1408/345/401 308/345/401 1405/345/401 778/345/401
f 308/345/401 1406/345/401 777/345/401 1405/345/401
f 775/345/401 1407/345/401 308/345/401 1408/345/401
f 1412/387/401 307/387/401 1409/387/401 782/387/401
f 307/387/401 1410/387/401 781/387/401 1409/387/401
f 779/387/401 1411/387/401 307/387/401 1412/387/401
f 1416/352/401 306/352/401 1413/352/401 786/352/401
f 306/352/401 1414/352/401 785/352/401 1413/352/401
f 783/352/401 1415/352/401 306/352/401 1416/352/401
f 1420/389/401 305/389/401 1417/389/401 790/389/401
f 305/389/401 1418/389/401 789/389/401 1417/389/401
f 787/389/401 1419/389/401 305/389/401 1420/389/401
f 1424/310/401 304/310/401 1421/310/401 794/310/401
f 304/310/401 1422/310/401 793/310/401 1421/310/401
f 791/310/401 1423/310/401 304/310/401 1424/310/401
f 1428/392/401 303/392/401 1425/392/401 798/392/401
f 303/392/401 1426/392/401 797/392/401 1425/392/401
f 795/392/401 1427/392/401 303/392/401 1428/392/401
f 1432/311/401 302/311/401 1429/311/401 802/311/401
f 302/311/401 1430/311/401 801/311/401 1429/311/401
f 799/311/401 1431/311/401 302/311/401 1432/311/401
f 1436/395/401 301/395/401 1433/395/401 806/395/401
f 301/395/401 1434/395/401 805/395/401 1433/395/401
f 803/395/401 1435/395/401 301/395/401 1436/395/401
f 1440/396/401 300/396/401 1437/396/401 810/396/401
f 300/396/401 1438/396/401 809/396/401 1437/396/401
f 807/396/401 1439/396/401 300/396/401 1440/396/401
f 1444/413/401 299/413/401 1441/413/401 814/413/401
f 299/413/401 1442/413/401 813/413/401 1441/413/401
f 811/413/401 1443/413/401 299/413/401 1444/413/401
f 1448/399/401 298/399/401 1445/399/401 818/399/401
f 298/399/401 1446/399/401 817/399/401 1445/399/401
f 815/399/401 1447/399/401 298/399/401 1448/399/401
f 1452/414/401 297/414/401 1449/414/401 822/414/401
f 297/414/401 1450/414/401 821/414/401 1449/414/401
f 819/414/401 1451/414/401 297/414/401 1452/414/401
f 1456/401/401 296/401/401 1453/401/401 826/401/401
f 296/401/401 1454/401/401 825/401/401 1453/401/401
f 823/401/401 1455/401/401 296/401/401 1456/401/401
f 1460/416/401 295/416/401 1457/416/401 830/416/401
f 295/416/401 1458/416/401 829/416/401 1457/416/401
f 827/416/401 1459/416/401 295/416/401 1460/416/401
f 1464/403/401 294/403/401 1461/403/401 834/403/401
f 294/403/401 1462/403/401 833/403/401 1461/403/401
f 831/403/401 1463/403/401 294/403/401 1464/403/401
f 1468/418/401 293/418/401 1465/418/401 838/418/401
f 293/418/401 1466/418/401 837/418/401 1465/418/401
f 835/418/401 1467/418/401 293/418/401 1468/418/401
f 1472/405/401 292/405/401 1469/405/401 842/405/401
f 292/405/401 1470/405/401 841/405/401 1469/405/401
f 839/405/401 1471/405/401 292/405/401 1472/405/401
f 1476/420/401 291/420/401 1473/420/401 846/420/401
f 291/420/401 1474/420/401 845/420/401 1473/420/401
f 843/420/401 1475/420/401 291/420/401 1476/420/401
f 1480/408/401 290/408/401 1477/408/401 850/408/401
f 290/408/401 1478/408/401 849/408/401 1477/408/401
f 847/408/401 1479/408/401 290/408/401 1480/408/401
f 1484/425/401 289/425/401 1481/425/401 854/425/401
f 289/425/401 1482/425/401 853/425/401 1481/425/401
f 851/425/401 1483/425/401 289/425/401 1484/425/401
f 1488/411/401 288/411/401 1485/411/401 858/411/401
f 288/411/401 1486/411/401 857/411/401 1485/411/401
f 855/411/401 1487/411/401 288/411/401 1488/411/401
f 1492/426/401 287/426/401 1489/426/401 862/426/401
f 287/426/401 1490/426/401 861/426/401 1489/426/401
f 859/426/401 1491/426/401 287/426/401 1492/426/401
f 1496/369/401 286/369/401 1493/369/401 866/369/401
f 286/369/401 1494/369/401 865/369/401 1493/369/401
f 863/369/401 1495/369/401 286/369/401 1496/369/401
f 1500/428/401 285/428/401 1497/428/401 870/428/401
f 285/428/401 1498/428/401 869/428/401 1497/428/401
f 867/428/401 1499/428/401 285/428/401 1500/428/401
f 1504/365/401 284/365/401 1501/365/401 874/365/401
f 284/365/401 1502/365/401 873/365/401 1501/365/401
f 871/365/401 1503/365/401 284/365/401 1504/365/401
f 1508/429/401 283/429/401 1505/429/401 878/429/401
f 283/429/401 1506/429/401 877/429/401 1505/429/401
f 875/429/401 1507/429/401 283/429/401 1508/429/401
f 1512/366/401 282/366/401 1509/366/401 882/366/401
f 282/366/401 1510/366/401 881/366/401 1509/366/401
f 879/366/401 1511/366/401 282/366/401 1512/366/401
f 1516/430/401 281/430/401 1513/430/401 886/430/401
f 281/430/401 1514/430/401 885/430/401 1513/430/401
f 883/430/401 1515/430/401 281/430/401 1516/430/401
f 1520/379/401 280/379/401 1517/379/401 890/379/401
f 280/379/401 1518/379/401 889/379/401 1517/379/401
f 887/379/401 1519/379/401 280/379/401 1520/379/401
f 1524/431/401 279/431/401 1521/431/401 894/431/401
f 279/431/401 1522/431/401 893/431/401 1521/431/401
f 891/431/401 1523/431/401 279/431/401 1524/431/401
f 1528/377/401 278/377/401 1525/377/401 898/377/401
f 278/377/401 1526/377/401 897/377/401 1525/377/401
f 895/377/401 1527/377/401 278/377/401 1528/377/401
f 1532/432/401 277/432/401 1529/432/401 902/432/401
f 277/432/401 1530/432/401 901/432/401 1529/432/401
f 899/432/401 1531/432/401 277/432/401 1532/432/401
f 1536/373/401 276/373/401 1533/373/401 906/373/401
f 276/373/401 1534/373/401 905/373/401 1533/373/401
f 903/373/401 1535/373/401 276/373/401 1536/373/401
f 1540/433/401 275/433/401 1537/433/401 910/433/401
f 275/433/401 1538/433/401 909/433/401 1537/433/401
f 907/433/401 1539/433/401 275/433/401 1540/433/401
f 1544/371/401 274/371/401 1541/371/401 914/371/401
f 274/371/401 1542/371/401 913/371/401 1541/371/401
f 911/371/401 1543/371/401 274/371/401 1544/371/401
f 1548/435/401 273/435/401 1545/435/401 918/435/401
f 273/435/401 1546/435/401 917/435/401 1545/435/401
f 915/435/401 1547/435/401 273/435/401 1548/435/401
f 1552/367/401 272/367/401 1549/367/401 922/367/401
f 272/367/401 1550/367/401 921/367/401 1549/367/401
f 919/367/401 1551/367/401 272/367/401 1552/367/401
f 1556/398/401 271/398/401 1553/398/401 926/398/401
f 271/398/401 1554/398/401 925/398/401 1553/398/401
f 923/398/401 1555/398/401 271/398/401 1556/398/401
f 1560/364/401 270/364/401 1557/364/401 930/364/401
f 270/364/401 1558/364/401 929/364/401 1557/364/401
f 927/364/401 1559/364/401 270/364/401 1560/364/401
f 1564/397/401 269/397/401 1561/397/401 934/397/401
f 269/397/401 1562/397/401 933/397/401 1561/397/401
f 931/397/401 1563/397/401 269/397/401 1564/397/401
f 1568/368/401 268/368/401 1565/368/401 938/368/401
f 268/368/401 1566/368/401 937/368/401 1565/368/401
f 935/368/401 1567/368/401 268/368/401 1568/368/401
f 1572/410/401 267/410/401 1569/410/401 942/410/401
f 267/410/401 1570/410/401 941/410/401 1569/410/401
f 939/410/401 1571/410/401 267/410/401 1572/410/401
f 1576/370/401 266/370/401 1573/370/401 946/370/401
f 266/370/401 1574/370/401 945/370/401 1573/370/401
f 943/370/401 1575/370/401 266/370/401 1576/370/401
f 1580/409/401 265/409/401 1577/409/401 950/409/401
f 265/409/401 1578/409/401 949/409/401 1577/409/401
f 947/409/401 1579/409/401 265/409/401 1580/409/401
f 1584/372/401 264/372/401 1581/372/401 954/372/401
f 264/372/401 1582/372/401 953/372/401 1581/372/401
f 951/372/401 1583/372/401 264/372/401 1584/372/401
f 1588/404/401 263/404/401 1585/404/401 958/404/401
f 263/404/401 1586/404/401 957/404/401 1585/404/401
f 955/404/401 1587/404/401 263/404/401 1588/404/401
f 1592/376/401 262/376/401 1589/376/401 962/376/401
f 262/376/401 1590/376/401 961/376/401 1589/376/401
f 959/376/401 1591/376/401 262/376/401 1592/376/401
f 1596/402/401 261/402/401 1593/402/401 966/402/401
f 261/402/401 1594/402/401 965/402/401 1593/402/401
f 963/402/401 1595/402/401 261/402/401 1596/402/401
f 1600/378/401 260/378/401 1597/378/401 970/378/401
f 260/378/401 1598/378/401 969/378/401 1597/378/401
f 967/378/401 1599/378/401 260/378/401 1600/378/401
f 1604/400/401 259/400/401 1601/400/401 974/400/401
f 259/400/401 1602/400/401 973/400/401 1601/400/401
f 971/400/401 1603/400/401 259/400/401 1604/400/401
f 1608/381/401 258/381/401 1605/381/401 978/381/401
f 258/381/401 1606/381/401 977/381/401 1605/381/401
f 975/381/401 1607/381/401 258/381/401 1608/381/401
f 1612/412/401 257/412/401 1609/412/401 982/412/401
f 257/412/401 1610/412/401 981/412/401 1609/412/401
f 979/412/401 1611/412/401 257/412/401 1612/412/401
f 1616/382/401 256/382/401 1613/382/401 986/382/401
f 256/382/401 1614/382/401 985/382/401 1613/382/401
f 983/382/401 1615/382/401 256/382/401 1616/382/401
f 1620/415/401 255/415/401 1617/415/401 990/415/401
f 255/415/401 1618/415/401 989/415/401 1617/415/401
f 987/415/401 1619/415/401 255/415/401 1620/415/401
f 1624/384/401 254/384/401 1621/384/401 994/384/401
f 254/384/401 1622/384/401 993/384/401 1621/384/401
f 991/384/401 1623/384/401 254/384/401 1624/384/401
f 1628/417/401 253/417/401 1625/417/401 998/417/401
f 253/417/401 1626/417/401 997/417/401 1625/417/401
f 995/417/401 1627/417/401 253/417/401 1628/417/401
f 1632/386/401 252/386/401 1629/386/401 1002/386/401
f 252/386/401 1630/386/401 1001/386/401 1629/386/401
f 999/386/401 1631/386/401 252/386/401 1632/386/401
f 1636/419/401 251/419/401 1633/419/401 1006/419/401
f 251/419/401 1634/419/401 1005/419/401 1633/419/401
f 1003/419/401 1635/419/401 251/419/401 1636/419/401
f 1640/388/401 250/388/401 1637/388/401 1010/388/401
f 250/388/401 1638/388/401 1009/388/401 1637/388/401
f 1007/388/401 1639/388/401 250/388/401 1640/388/401
f 1644/421/401 249/421/401 1641/421/401 1014/421/401
f 249/421/401 1642/421/401 1013/421/401 1641/421/401
f 1011/421/401 1643/421/401 249/421/401 1644/421/401
f 1648/393/401 248/393/401 1645/393/401 1018/393/401
f 248/393/401 1646/393/401 1017/393/401 1645/393/401
f 1015/393/401 1647/393/401 248/393/401 1648/393/401
f 1652/424/401 247/424/401 1649/424/401 1022/424/401
f 247/424/401 1650/424/401 1021/424/401 1649/424/401
f 1019/424/401 1651/424/401 247/424/401 1652/424/401
f 1656/394/401 246/394/401 1653/394/401 1026/394/401
f 246/394/401 1654/394/401 1025/394/401 1653/394/401
f 1023/394/401 1655/394/401 246/394/401 1656/394/401
f 1660/427/401 245/427/401 1657/427/401 1030/427/401
f 245/427/401 1658/427/401 1029/427/401 1657/427/401
f 1027/427/401 1659/427/401 245/427/401 1660/427/401
f 1033/209/401 404/209/401 416/308/401 1047/308/401
f 1046/308/401 416/308/401 436/309/401 1067/309/401
f 1066/309/401 436/309/401 404/209/401 1034/209/401
f 1045/308/401 417/308/401 792/310/401 1423/310/401
f 1422/310/401 792/310/401 800/311/401 1431/311/401
f 1430/311/401 800/311/401 435/309/401 1068/309/401
f 1050/312/401 420/312/401 424/313/401 1055/313/401
f 1054/313/401 424/313/401 444/314/401 1075/314/401
f 1074/314/401 444/314/401 440/315/401 1071/315/401
f 1070/315/401 440/315/401 420/312/401 1051/312/401
f 1053/313/401 425/313/401 428/316/401 1059/316/401
f 1058/316/401 428/316/401 448/317/401 1079/317/401
f 1078/317/401 448/317/401 443/314/401 1076/314/401
f 1057/316/401 429/316/401 696/318/401 1327/318/401
f 1326/318/401 696/318/401 704/319/401 1335/319/401
f 1334/319/401 704/319/401 447/317/401 1080/317/401
f 1330/320/401 700/320/401 411/321/401 1041/321/401
f 1040/321/401 411/321/401 708/322/401 1339/322/401
f 1338/322/401 708/322/401 700/320/401 1331/320/401
f 1065/309/401 437/309/401 456/323/401 1087/323/401
f 1086/323/401 456/323/401 403/209/401 1035/209/401
f 1429/311/401 801/311/401 752/324/401 1383/324/401
f 1382/324/401 752/324/401 455/323/401 1088/323/401
f 1073/314/401 445/314/401 464/325/401 1095/325/401
f 1094/325/401 464/325/401 460/326/401 1091/326/401
f 1090/326/401 460/326/401 439/315/401 1072/315/401
f 1077/317/401 449/317/401 468/327/401 1099/327/401
f 1098/327/401 468/327/401 463/325/401 1096/325/401
f 1333/319/401 705/319/401 712/328/401 1343/328/401
f 1342/328/401 712/328/401 467/327/401 1100/327/401
f 1039/321/401 412/321/401 716/329/401 1347/329/401
f 1346/329/401 716/329/401 707/322/401 1340/322/401
f 1085/323/401 457/323/401 476/330/401 1107/330/401
f 1106/330/401 476/330/401 402/209/401 1036/209/401
f 1381/324/401 753/324/401 760/331/401 1391/331/401
f 1390/331/401 760/331/401 475/330/401 1108/330/401
f 1093/325/401 465/325/401 484/332/401 1115/332/401
f 1114/332/401 484/332/401 480/333/401 1111/333/401
f 1110/333/401 480/333/401 459/326/401 1092/326/401
f 1097/327/401 469/327/401 488/334/401 1119/334/401
f 1118/334/401 488/334/401 483/332/401 1116/332/401
f 1341/328/401 713/328/401 720/335/401 1351/335/401
f 1350/335/401 720/335/401 487/334/401 1120/334/401
f 1038/321/401 413/321/401 724/336/401 1355/336/401
f 1354/336/401 724/336/401 715/329/401 1348/329/401
f 1105/330/401 477/330/401 496/337/401 1127/337/401
f 1126/337/401 496/337/401 401/209/401 1037/209/401
f 1389/331/401 761/331/401 768/338/401 1399/338/401
f 1398/338/401 768/338/401 495/337/401 1128/337/401
f 1113/332/401 485/332/401 504/339/401 1135/339/401
f 1134/339/401 504/339/401 500/340/401 1131/340/401
f 1130/340/401 500/340/401 479/333/401 1112/333/401
f 1117/334/401 489/334/401 508/341/401 1139/341/401
f 1138/341/401 508/341/401 503/339/401 1136/339/401
f 1349/335/401 721/335/401 728/342/401 1359/342/401
f 1358/342/401 728/342/401 507/341/401 1140/341/401
f 1044/321/401 414/321/401 732/343/401 1363/343/401
f 1362/343/401 732/343/401 723/336/401 1356/336/401
f 1125/337/401 497/337/401 516/344/401 1147/344/401
f 1146/344/401 516/344/401 407/209/401 1031/209/401
f 1397/338/401 769/338/401 776/345/401 1407/345/401
f 1406/345/401 776/345/401 515/344/401 1148/344/401
f 1133/339/401 505/339/401 524/346/401 1155/346/401
f 1154/346/401 524/346/401 520/347/401 1151/347/401
f 1150/347/401 520/347/401 499/340/401 1132/340/401
f 1137/341/401 509/341/401 528/348/401 1159/348/401
f 1158/348/401 528/348/401 523/346/401 1156/346/401
f 1357/342/401 729/342/401 736/349/401 1367/349/401
f 1366/349/401 736/349/401 527/348/401 1160/348/401
f 1043/321/401 408/321/401 740/350/401 1371/350/401
f 1370/350/401 740/350/401 731/343/401 1364/343/401
f 1145/344/401 517/344/401 536/351/401 1167/351/401
f 1166/351/401 536/351/401 406/209/401 1032/209/401
f 1405/345/401 777/345/401 784/352/401 1415/352/401
f 1414/352/401 784/352/401 535/351/401 1168/351/401
f 1153/346/401 525/346/401 544/353/401 1175/353/401
f 1174/353/401 544/353/401 540/354/401 1171/354/401
f 1170/354/401 540/354/401 519/347/401 1152/347/401
f 1157/348/401 529/348/401 548/355/401 1179/355/401
f 1178/355/401 548/355/401 543/353/401 1176/353/401
f 1365/349/401 737/349/401 744/356/401 1375/356/401
f 1374/356/401 744/356/401 547/355/401 1180/355/401
f 1042/321/401 409/321/401 748/357/401 1379/357/401
f 1378/357/401 748/357/401 739/350/401 1372/350/401
f 1165/351/401 537/351/401 415/210/401 1048/210/401
f 1413/352/401 785/352/401 791/358/401 1424/358/401
f 1173/353/401 545/353/401 423/359/401 1056/359/401
f 1049/360/401 421/360/401 539/354/401 1172/354/401
f 1177/355/401 549/355/401 427/361/401 1060/361/401
f 1373/356/401 745/356/401 695/362/401 1328/362/401
f 1329/363/401 701/363/401 747/357/401 1380/357/401
f 1558/364/401 928/364/401 872/365/401 1503/365/401
f 1502/365/401 872/365/401 880/366/401 1511/366/401
f 1510/366/401 880/366/401 920/367/401 1551/367/401
f 1550/367/401 920/367/401 928/364/401 1559/364/401
f 1566/368/401 936/368/401 864/369/401 1495/369/401
f 1494/369/401 864/369/401 871/365/401 1504/365/401
f 1557/364/401 929/364/401 936/368/401 1567/368/401
f 1574/370/401 944/370/401 912/371/401 1543/371/401
f 1542/371/401 912/371/401 863/369/401 1496/369/401
f 1565/368/401 937/368/401 944/370/401 1575/370/401
f 1582/372/401 952/372/401 904/373/401 1535/373/401
f 1534/373/401 904/373/401 911/374/401 1544/374/401
f 1573/375/401 945/375/401 952/372/401 1583/372/401
f 1590/376/401 960/376/401 896/377/401 1527/377/401
f 1526/377/401 896/377/401 903/373/401 1536/373/401
f 1581/372/401 953/372/401 960/376/401 1591/376/401
f 1598/378/401 968/378/401 888/379/401 1519/379/401
f 1518/379/401 888/379/401 895/377/401 1528/377/401
f 1589/376/401 961/376/401 968/378/401 1599/378/401
f 1509/366/401 881/366/401 887/379/401 1520/379/401
f 1597/378/401 969/378/401 919/367/401 1552/367/401
f 1386/380/401 756/380/401 976/381/401 1607/381/401
f 1606/381/401 976/381/401 984/382/401 1615/382/401
f 1614/382/401 984/382/401 764/383/401 1395/383/401
f 1394/383/401 764/383/401 756/380/401 1387/380/401
f 1613/382/401 985/382/401 992/384/401 1623/384/401
f 1622/384/401 992/384/401 772/385/401 1403/385/401
f 1402/385/401 772/385/401 763/383/401 1396/383/401
f 1621/384/401 993/384/401 1000/386/401 1631/386/401
f 1630/386/401 1000/386/401 780/387/401 1411/387/401
f 1410/387/401 780/387/401 771/385/401 1404/385/401
f 1629/386/401 1001/386/401 1008/388/401 1639/388/401
f 1638/388/401 1008/388/401 788/389/401 1419/389/401
f 1418/389/401 788/389/401 779/387/401 1412/387/401
f 1637/388/401 1009/388/401 1016/390/401 1647/390/401
f 1646/393/401 1016/393/401 796/392/401 1427/392/401
f 1426/391/401 796/391/401 787/389/401 1420/389/401
f 1645/393/401 1017/393/401 1024/394/401 1655/394/401
f 1654/394/401 1024/394/401 804/395/401 1435/395/401
f 1434/395/401 804/395/401 795/392/401 1428/392/401
f 1653/394/401 1025/394/401 975/381/401 1608/381/401
f 1385/380/401 757/380/401 803/395/401 1436/395/401
f 1438/396/401 808/396/401 932/397/401 1563/397/401
f 1562/397/401 932/397/401 924/398/401 1555/398/401
f 1554/398/401 924/398/401 816/399/401 1447/399/401
f 1446/399/401 816/399/401 808/396/401 1439/396/401
f 1553/398/401 925/398/401 972/400/401 1603/400/401
f 1602/400/401 972/400/401 824/401/401 1455/401/401
f 1454/401/401 824/401/401 815/399/401 1448/399/401
f 1601/400/401 973/400/401 964/402/401 1595/402/401
f 1594/402/401 964/402/401 832/403/401 1463/403/401
f 1462/403/401 832/403/401 823/401/401 1456/401/401
f 1593/402/401 965/402/401 956/404/401 1587/404/401
f 1586/404/401 956/404/401 840/405/401 1471/405/401
f 1470/405/401 840/405/401 831/403/401 1464/403/401
f 1585/404/401 957/404/401 948/406/401 1579/406/401
f 1578/409/401 948/409/401 848/408/401 1479/408/401
f 1478/407/401 848/407/401 839/405/401 1472/405/401
f 1577/409/401 949/409/401 940/410/401 1571/410/401
f 1570/410/401 940/410/401 856/411/401 1487/411/401
f 1486/411/401 856/411/401 847/408/401 1480/408/401
f 1569/410/401 941/410/401 931/397/401 1564/397/401
f 1437/396/401 809/396/401 855/411/401 1488/411/401
f 1610/412/401 980/412/401 812/413/401 1443/413/401
f 1442/413/401 812/413/401 820/414/401 1451/414/401
f 1450/414/401 820/414/401 988/415/401 1619/415/401
f 1618/415/401 988/415/401 980/412/401 1611/412/401
f 1449/414/401 821/414/401 828/416/401 1459/416/401
f 1458/416/401 828/416/401 996/417/401 1627/417/401
f 1626/417/401 996/417/401 987/415/401 1620/415/401
f 1457/416/401 829/416/401 836/418/401 1467/418/401
f 1466/418/401 836/418/401 1004/419/401 1635/419/401
f 1634/419/401 1004/419/401 995/417/401 1628/417/401
f 1465/418/401 837/418/401 844/420/401 1475/420/401
f 1474/420/401 844/420/401 1012/421/401 1643/421/401
f 1642/421/401 1012/421/401 1003/419/401 1636/419/401
f 1473/420/401 845/420/401 852/422/401 1483/422/401
f 1482/425/401 852/425/401 1020/424/401 1651/424/401
f 1650/423/401 1020/423/401 1011/421/401 1644/421/401
f 1481/425/401 853/425/401 860/426/401 1491/426/401
f 1490/426/401 860/426/401 1028/427/401 1659/427/401
f 1658/427/401 1028/427/401 1019/424/401 1652/424/401
f 1489/426/401 861/426/401 811/413/401 1444/413/401
f 1609/412/401 981/412/401 1027/427/401 1660/427/401
f 1498/428/401 868/428/401 442/315/401 1069/315/401
f 1089/326/401 461/326/401 876/429/401 1507/429/401
f 1506/429/401 876/429/401 868/428/401 1499/428/401
f 1109/333/401 481/333/401 884/430/401 1515/430/401
f 1514/430/401 884/430/401 875/429/401 1508/429/401
f 1129/340/401 501/340/401 892/431/401 1523/431/401
f 1522/431/401 892/431/401 883/430/401 1516/430/401
f 1149/347/401 521/347/401 900/432/401 1531/432/401
f 1530/432/401 900/432/401 891/431/401 1524/431/401
f 1169/354/401 541/354/401 908/433/401 1539/433/401
f 1538/433/401 908/433/401 899/432/401 1532/432/401
f 1052/312/401 422/312/401 916/435/401 1547/435/401
f 1546/434/401 916/434/401 907/433/401 1540/433/401
f 1497/428/401 869/428/401 915/435/401 1548/435/401
f 1433/395/401 805/395/401 688/436/401 1319/436/401
f 1318/436/401 688/436/401 692/437/401 1323/437/401
f 1322/437/401 692/437/401 798/392/401 1425/392/401
f 1337/322/401 709/322/401 680/438/401 1311/438/401
f 1310/438/401 680/438/401 684/439/401 1315/439/401
f 1314/439/401 684/439/401 699/320/401 1332/320/401
f 1388/380/401 758/380/401 676/440/401 1307/440/401
f 1306/440/401 676/440/401 687/436/401 1320/436/401
f 1345/329/401 717/329/401 672/441/401 1303/441/401
f 1302/441/401 672/441/401 679/438/401 1312/438/401
f 1393/383/401 765/383/401 668/442/401 1299/442/401
f 1298/442/401 668/442/401 675/440/401 1308/440/401
f 1353/336/401 725/336/401 636/443/401 1267/443/401
f 1266/443/401 636/443/401 671/441/401 1304/441/401
f 1401/385/401 773/385/401 632/444/401 1263/444/401
f 1262/444/401 632/444/401 667/442/401 1300/442/401
f 1361/343/401 733/343/401 628/445/401 1259/445/401
f 1258/445/401 628/445/401 635/443/401 1268/443/401
f 1409/387/401 781/387/401 624/446/401 1255/446/401
f 1254/446/401 624/446/401 631/444/401 1264/444/401
f 1369/350/401 741/350/401 620/447/401 1251/447/401
f 1250/447/401 620/447/401 627/445/401 1260/445/401
f 1417/389/401 789/389/401 616/448/401 1247/448/401
f 1246/448/401 616/448/401 623/446/401 1256/446/401
f 1377/357/401 749/357/401 612/449/401 1243/449/401
f 1242/449/401 612/449/401 619/447/401 1252/447/401
f 1321/450/401 693/450/401 615/448/401 1248/448/401
f 1313/451/401 685/451/401 611/449/401 1244/449/401
f 1513/430/401 885/430/401 604/452/401 1235/452/401
f 1234/452/401 604/452/401 608/453/401 1239/453/401
f 1238/453/401 608/453/401 878/429/401 1505/429/401
f 1237/453/401 609/453/401 600/454/401 1231/454/401
f 1230/454/401 600/454/401 867/428/401 1500/428/401
f 1229/454/401 601/454/401 596/455/401 1227/455/401
f 1226/455/401 596/455/401 918/435/401 1545/435/401
f 1225/456/401 597/456/401 592/457/401 1223/457/401
f 1222/457/401 592/457/401 910/433/401 1537/433/401
f 1221/457/401 593/457/401 588/458/401 1219/458/401
f 1218/458/401 588/458/401 902/432/401 1529/432/401
f 1217/458/401 589/458/401 584/459/401 1215/459/401
f 1214/459/401 584/459/401 894/431/401 1521/431/401
f 1213/459/401 585/459/401 603/452/401 1236/452/401
f 1441/413/401 813/413/401 532/460/401 1163/460/401
f 1162/460/401 532/460/401 552/461/401 1183/461/401
f 1182/461/401 552/461/401 819/414/401 1452/414/401
f 1181/461/401 553/461/401 512/462/401 1143/462/401
f 1142/462/401 512/462/401 827/416/401 1460/416/401
f 1141/462/401 513/462/401 492/463/401 1123/463/401
f 1122/463/401 492/463/401 835/418/401 1468/418/401
f 1121/463/401 493/463/401 472/464/401 1103/464/401
f 1102/464/401 472/464/401 843/420/401 1476/420/401
f 1101/464/401 473/464/401 452/465/401 1083/465/401
f 1082/466/401 452/466/401 851/425/401 1484/425/401
f 1081/466/401 453/466/401 432/467/401 1063/467/401
f 1062/467/401 432/467/401 859/426/401 1492/426/401
f 1061/467/401 433/467/401 531/460/401 1164/460/401
f 1317/436/401 689/436/401 799/311/401 1432/311/401
f 1421/310/401 793/310/401 691/437/401 1324/437/401
f 1309/438/401 681/438/401 703/319/401 1336/319/401
f 1325/318/401 697/318/401 683/439/401 1316/439/401
f 1305/440/401 677/440/401 751/324/401 1384/324/401
f 1301/441/401 673/441/401 711/328/401 1344/328/401
f 1297/442/401 669/442/401 759/331/401 1392/331/401
f 1265/443/401 637/443/401 719/335/401 1352/335/401
f 1261/444/401 633/444/401 767/338/401 1400/338/401
f 1257/445/401 629/445/401 727/342/401 1360/342/401
f 1253/446/401 625/446/401 775/345/401 1408/345/401
f 1249/447/401 621/447/401 735/349/401 1368/349/401
f 1245/448/401 617/448/401 783/352/401 1416/352/401
f 1241/449/401 613/449/401 743/356/401 1376/356/401
f 1233/452/401 605/452/401 879/366/401 1512/366/401
f 1501/365/401 873/365/401 607/453/401 1240/453/401
f 1493/369/401 865/369/401 599/454/401 1232/454/401
f 1541/371/401 913/371/401 595/455/401 1228/455/401
f 1533/373/401 905/373/401 591/457/401 1224/457/401
f 1525/377/401 897/377/401 587/458/401 1220/458/401
f 1517/379/401 889/379/401 583/459/401 1216/459/401
f 1161/460/401 533/460/401 807/396/401 1440/396/401
f 1445/399/401 817/399/401 551/461/401 1184/461/401
f 1453/401/401 825/401/401 511/462/401 1144/462/401
f 1461/403/401 833/403/401 491/463/401 1124/463/401
f 1469/405/401 841/405/401 471/464/401 1104/464/401
f 1477/408/401 849/408/401 451/466/401 1084/466/401
f 1485/411/401 857/411/401 431/467/401 1064/467/401
f 1561/397/401 933/397/401 660/468/401 1291/468/401
f 1290/468/401 660/468/401 664/469/401 1295/469/401
f 1294/469/401 664/469/401 923/398/401 1556/398/401
f 1572/410/401 942/410/401 656/470/401 1287/470/401
f 1286/470/401 656/470/401 659/468/401 1292/468/401
f 1580/409/401 950/409/401 652/471/401 1283/471/401
f 1282/471/401 652/471/401 655/470/401 1288/470/401
f 1588/404/401 958/404/401 648/472/401 1279/472/401
f 1278/472/401 648/472/401 651/473/401 1284/473/401
f 1596/402/401 966/402/401 644/474/401 1275/474/401
f 1274/474/401 644/474/401 647/472/401 1280/472/401
f 1604/400/401 974/400/401 640/475/401 1271/475/401
f 1270/475/401 640/475/401 643/474/401 1276/474/401
f 1293/469/401 665/469/401 639/475/401 1272/475/401
f 1617/415/401 989/415/401 576/476/401 1207/476/401
f 1206/476/401 576/476/401 580/477/401 1211/477/401
f 1210/477/401 580/477/401 979/412/401 1612/412/401
f 1625/417/401 997/417/401 572/478/401 1203/478/401
f 1202/478/401 572/478/401 575/476/401 1208/476/401
f 1633/419/401 1005/419/401 568/479/401 1199/479/401
f 1198/479/401 568/479/401 571/478/401 1204/478/401
f 1641/421/401 1013/421/401 564/480/401 1195/480/401
f 1194/480/401 564/480/401 567/479/401 1200/479/401
f 1649/424/401 1021/424/401 560/483/401 1191/483/401
f 1190/481/401 560/481/401 563/480/401 1196/480/401
f 1657/427/401 1029/427/401 556/482/401 1187/482/401
f 1186/482/401 556/482/401 559/483/401 1192/483/401
f 1209/477/401 581/477/401 555/482/401 1188/482/401
f 1289/468/401 661/468/401 927/364/401 1560/364/401
f 1549/367/401 921/367/401 663/469/401 1296/469/401
f 1285/470/401 657/470/401 935/368/401 1568/368/401
f 1281/471/401 653/471/401 943/370/401 1576/370/401
f 1277/472/401 649/472/401 951/372/401 1584/372/401
f 1273/474/401 645/474/401 959/376/401 1592/376/401
f 1269/475/401 641/475/401 967/378/401 1600/378/401
f 1205/476/401 577/476/401 983/382/401 1616/382/401
f 1605/381/401 977/381/401 579/477/401 1212/477/401
f 1201/478/401 573/478/401 991/384/401 1624/384/401
f 1197/479/401 569/479/401 999/386/401 1632/386/401
f 1193/480/401 565/480/401 1007/388/401 1640/388/401
f 1189/483/401 561/483/401 1015/393/401 1648/393/401
f 1185/482/401 557/482/401 1023/394/401 1656/394/401

v -5.387198 42.218872 147.141319
v -5.387198 41.784873 146.707321
v -5.821196 41.784873 147.141319
v -5.821196 2.344196 147.141319
v -5.387198 2.344196 146.707321
v -5.387198 1.910198 147.141319
v 0.529953 42.218872 147.141319
v 0.963951 41.784873 147.141319
v -4.978319 7.134030 214.354015
v -4.978319 2.753075 215.371668
v -5.995972 2.753075 214.354015
v -5.995972 41.375995 214.354015
v -4.978319 41.375995 215.371668
v -4.978319 42.393648 214.354015
v 1.138727 2.753075 214.354015
v 0.121074 2.753075 215.371668
v 0.121074 7.134030 214.354015
v 0.121074 42.393648 214.354015
v 0.121074 41.375995 215.371668
v 1.138727 41.375995 214.354015
v 0.121074 2.753075 146.532545
v 1.138727 2.753075 147.550197
v 0.121074 7.134030 147.550197
v 0.121074 42.393648 147.550197
v 1.138727 41.375995 147.550197
v 0.121074 41.375995 146.532545
v -5.995972 2.753075 147.550197
v -4.978319 2.753075 146.532545
v -4.978319 7.134030 147.550197
v -4.978319 42.393648 147.550197
v -4.978319 41.375995 146.532545
v -5.995972 41.375995 147.550197
v -5.865978 2.753075 214.851690
v -5.475994 2.753075 215.241673
v -4.978319 2.255400 215.241673
v -4.978319 1.865416 214.851690
v -5.475994 1.865416 214.354015
v -5.865978 2.255400 214.354015
v -4.978319 42.263653 214.851690
v -4.978319 41.873669 215.241673
v -5.475994 41.375995 215.241673
v -5.865978 41.375995 214.851690
v -5.865978 41.873669 214.354015
v -5.475994 42.263653 214.354015
v 0.121074 1.865416 214.851690
v 0.121074 2.255400 215.241673
v 0.618749 2.753075 215.241673
v 1.008733 2.753075 214.851690
v 1.008733 2.255400 214.354015
v 0.618749 1.865416 214.354015
v 1.008733 41.375995 214.851690
v 0.618749 41.375995 215.241673
v 0.121074 41.873669 215.241673
v 0.121074 42.263653 214.851690
v 0.618749 42.263653 214.354015
v 1.008733 41.873669 214.354015
v 0.618749 1.865416 147.550197
v 1.008733 2.255400 147.550197
v 1.008733 2.753075 147.052523
v 0.618749 2.753075 146.662539
v 0.121074 2.255400 146.662539
v 0.121074 1.865416 147.052523
v 0.618749 41.375995 146.662539
v 1.008733 41.375995 147.052523
v 1.008733 41.873669 147.550197
v 0.618749 42.263653 147.550197
v 0.121074 42.263653 147.052523
v 0.121074 41.873669 146.662539
v -4.978319 1.865416 147.052523
v -4.978319 2.255400 146.662539
v -5.475994 2.753075 146.662539
v -5.865978 2.753075 147.052523
v -5.865978 2.255400 147.550197
v -5.475994 1.865416 147.550197
v -5.865978 41.375995 147.052523
v -5.475994 41.375995 146.662539
v -4.978319 41.873669 146.662539
v -4.978319 42.263653 147.052523
v -5.475994 42.263653 147.550197
v -5.865978 41.873669 147.550197
v -5.821196 2.344196 214.762893
v -5.387198 2.344196 215.196892
v -5.387198 1.910198 214.762893
v -5.387198 42.218872 214.762893
v -5.387198 41.784873 215.196892
v -5.821196 41.784873 214.762893
v 0.529953 1.910198 214.762893
v 0.529953 2.344196 215.196892
v 0.963951 2.344196 214.762893
v 0.963951 41.784873 214.762893
v 0.529953 41.784873 215.196892
v 0.529953 42.218872 214.762893
v 0.529953 1.910198 147.141319
v 0.963951 2.344196 147.141319
v 0.529953 2.344196 146.707321
v 0.529953 41.784873 146.707321
v -4.978319 7.134020 214.354015
v 0.121074 7.134020 214.354015
v 0.121074 7.134020 147.550197
v -4.978319 7.134020 147.550197
v -4.978319 7.134010 214.354015
v 0.121074 7.134010 214.354015
v 0.121074 7.134010 147.550197
v -4.978319 7.134010 147.550197
# 104 vertices

vn -0.115906 -0.115906 0.986474
vn -0.115906 0.115906 0.986474
vn 0.115906 0.115906 0.986474
vn 0.115906 -0.115906 0.986474
vn 0.986475 -0.115901 0.115903
vn 0.986475 0.115902 0.115903
vn 0.986476 0.115901 -0.115900
vn 0.986476 -0.115901 -0.115900
vn 0.115899 -0.115899 -0.986476
vn 0.115899 0.115899 -0.986476
vn -0.115899 0.115899 -0.986476
vn -0.115899 -0.115899 -0.986476
vn -0.986476 -0.115901 -0.115900
vn -0.986476 0.115901 -0.115900
vn -0.986475 0.115901 0.115903
vn -0.986475 -0.115901 0.115903
vn -0.115900 0.986475 0.115902
vn -0.115900 0.986476 -0.115899
vn 0.115900 0.986476 -0.115899
vn 0.115900 0.986475 0.115902
vn -0.771940 -0.449503 0.449506
vn -0.449506 -0.449506 0.771938
vn -0.518554 -0.679854 0.518556
vn -0.449503 0.771941 0.449505
vn -0.449505 0.449506 0.771939
vn -0.771940 0.449503 0.449505
vn 0.518554 -0.679854 0.518556
vn 0.449506 -0.449506 0.771938
vn 0.771940 -0.449503 0.449506
vn 0.771940 0.449504 0.449505
vn 0.449505 0.449506 0.771939
vn 0.449502 0.771941 0.449505
vn 0.518557 -0.679849 -0.518560
vn 0.771938 -0.449505 -0.449507
vn 0.449504 -0.449503 -0.771941
vn 0.449503 0.449504 -0.771941
vn 0.771938 0.449506 -0.449507
vn 0.449505 0.771939 -0.449507
vn -0.518557 -0.679849 -0.518560
vn -0.449503 -0.449504 -0.771941
vn -0.771938 -0.449505 -0.449507
vn -0.771938 0.449506 -0.449507
vn -0.449503 0.449504 -0.771941
vn -0.449505 0.771939 -0.449506
vn -0.867690 0.112261 0.484264
vn -0.867690 -0.112261 0.484264
vn 0.112260 0.867690 0.484263
vn -0.112260 0.867690 0.484263
vn 0.867690 -0.112261 0.484264
vn 0.867690 0.112261 0.484264
vn 0.000000 -0.094040 -0.995569
vn 0.484262 0.867691 -0.112262
vn 0.484262 0.867690 0.112266
vn 0.484260 -0.112264 -0.867692
vn 0.484260 0.112265 -0.867692
vn -0.995568 -0.094042 0.000000
vn -0.112264 0.867691 -0.484262
vn 0.112264 0.867691 -0.484262
vn -0.867690 -0.112264 -0.484262
vn -0.867691 0.112264 -0.484262
vn 0.000000 -0.094043 0.995568
vn -0.484262 0.867690 0.112266
vn -0.484262 0.867691 -0.112262
vn 0.995568 -0.094042 0.000000
vn -0.484269 -0.112261 0.867687
vn -0.113261 -0.702559 0.702555
vn -0.112261 -0.484268 0.867687
vn -0.867690 -0.484263 0.112267
vn -0.702556 -0.702556 0.113270
vn 0.702809 -0.110020 -0.702819
vn -0.112261 0.484269 0.867687
vn -0.484268 0.112261 0.867687
vn -0.867690 0.484263 0.112266
vn 0.112261 -0.484268 0.867687
vn 0.113262 -0.702559 0.702555
vn 0.484268 -0.112261 0.867687
vn 0.702556 -0.702556 0.113270
vn 0.867690 -0.484263 0.112267
vn -0.702809 -0.110020 -0.702819
vn 0.484268 0.112261 0.867687
vn 0.112260 0.484269 0.867687
vn 0.867690 0.484263 0.112266
vn 0.867690 -0.484263 -0.112263
vn 0.702556 -0.702556 -0.113266
vn 0.867690 -0.112264 -0.484263
vn 0.113268 -0.702555 -0.702557
vn 0.112265 -0.484260 -0.867692
vn -0.702811 -0.110022 0.702816
vn 0.867690 0.112265 -0.484262
vn 0.867690 0.484263 -0.112262
vn 0.112264 0.484260 -0.867692
vn -0.112264 -0.484260 -0.867692
vn -0.113268 -0.702555 -0.702557
vn -0.484260 -0.112264 -0.867692
vn -0.702556 -0.702556 -0.113265
vn -0.867690 -0.484263 -0.112263
vn 0.702811 -0.110022 0.702816
vn -0.484260 0.112264 -0.867692
vn -0.112264 0.484260 -0.867692
vn -0.867690 0.484263 -0.112262
vn 0.000000 0.000000 1.000000
vn 0.000000 0.000000 0.999996
vn 1.000000 0.000000 0.000000
vn 0.000000 0.000000 -1.000000
vn 0.000000 0.000000 -0.999996
# 105 normals

vt 0.285659 0.380476 0.000000
vt 0.285659 0.618723 0.000000
vt 0.464341 0.618723 0.000000
vt 0.464341 0.380476 0.000000
vt 0.503696 0.380476 0.000000
vt 0.503696 0.618723 0.000000
vt 0.746304 0.618723 0.000000
vt 0.746304 0.380476 0.000000
vt 0.785659 0.380476 0.000000
vt 0.785659 0.618723 0.000000
vt 0.964341 0.618723 0.000000
vt 0.964341 0.380476 0.000000
vt 0.003696 0.380476 0.000000
vt 0.003696 0.618723 0.000000
vt 0.246304 0.618723 0.000000
vt 0.246304 0.380476 0.000000
vt 0.285659 0.628696 0.000000
vt 0.285659 0.871304 0.000000
vt 0.464341 0.871304 0.000000
vt 0.464341 0.628696 0.000000
vt 0.285014 0.071607 0.000000
vt 0.285014 0.314215 0.000000
vt 0.463697 0.314215 0.000000
vt 0.463697 0.071607 0.000000
vt 0.247789 0.377953 0.000000
vt 0.249365 0.377953 0.000000
vt 0.247789 0.375276 0.000000
vt 0.464341 0.128696 0.000000
vt 0.247789 0.623922 0.000000
vt 0.249365 0.621245 0.000000
vt 0.247789 0.621245 0.000000
vt 0.502211 0.375276 0.000000
vt 0.500635 0.377953 0.000000
vt 0.502211 0.377953 0.000000
vt 0.502211 0.621245 0.000000
vt 0.500635 0.621245 0.000000
vt 0.502211 0.623922 0.000000
vt 0.747789 0.375276 0.000000
vt 0.747789 0.377953 0.000000
vt 0.749365 0.377953 0.000000
vt 0.749365 0.621245 0.000000
vt 0.747789 0.621245 0.000000
vt 0.747789 0.623922 0.000000
vt 0.002211 0.375276 0.000000
vt 0.000635 0.377953 0.000000
vt 0.002211 0.377953 0.000000
vt 0.002211 0.621245 0.000000
vt 0.000635 0.621245 0.000000
vt 0.002211 0.623922 0.000000
vt 0.248112 0.618723 0.000000
vt 0.248112 0.380476 0.000000
vt 0.464341 0.626888 0.000000
vt 0.285659 0.626888 0.000000
vt 0.501888 0.380476 0.000000
vt 0.501888 0.618723 0.000000
vt 0.285861 0.351286 0.000000
vt 0.464544 0.351286 0.000000
vt 0.464544 0.318787 0.000000
vt 0.285861 0.318787 0.000000
vt 0.503696 0.625000 0.000000
vt 0.746304 0.625000 0.000000
vt 0.746304 0.624198 0.000000
vt 0.503696 0.624198 0.000000
vt 0.750000 0.618723 0.000000
vt 0.750000 0.380476 0.000000
vt 0.749528 0.380476 0.000000
vt 0.749528 0.618723 0.000000
vt 0.278028 0.313806 0.000000
vt 0.277691 0.071198 0.000000
vt 0.245191 0.071243 0.000000
vt 0.245529 0.313851 0.000000
vt 0.285659 0.873112 0.000000
vt 0.464341 0.873112 0.000000
vt 0.001888 0.380476 0.000000
vt 0.001888 0.618723 0.000000
vt 0.284318 0.062163 0.000000
vt 0.463001 0.062163 0.000000
vt 0.463001 0.029663 0.000000
vt 0.284318 0.029663 0.000000
vt 0.003696 0.625000 0.000000
vt 0.246304 0.625000 0.000000
vt 0.246304 0.624198 0.000000
vt 0.003696 0.624198 0.000000
vt 0.469619 0.070808 0.000000
vt 0.468869 0.313416 0.000000
vt 0.501368 0.313516 0.000000
vt 0.502119 0.070909 0.000000
vt 0.249528 0.380476 0.000000
vt 0.248112 0.375000 0.000000
vt 0.249528 0.377406 0.000000
vt 0.246304 0.377406 0.000000
vt 0.246304 0.375000 0.000000
vt 0.250000 0.380476 0.000000
vt 0.501888 0.375000 0.000000
vt 0.503696 0.407500 0.000000
vt 0.503696 0.375000 0.000000
vt 0.249528 0.621792 0.000000
vt 0.248112 0.624198 0.000000
vt 0.249528 0.618723 0.000000
vt 0.246304 0.621792 0.000000
vt 0.250000 0.618723 0.000000
vt 0.500472 0.377406 0.000000
vt 0.500472 0.380476 0.000000
vt 0.503696 0.377406 0.000000
vt 0.246304 0.407500 0.000000
vt 0.500000 0.380476 0.000000
vt 0.500472 0.618723 0.000000
vt 0.501888 0.624198 0.000000
vt 0.500472 0.621792 0.000000
vt 0.503696 0.621792 0.000000
vt 0.500000 0.618723 0.000000
vt 0.478669 0.627211 0.000000
vt 0.481780 0.628696 0.000000
vt 0.746304 0.377406 0.000000
vt 0.746304 0.375000 0.000000
vt 0.748112 0.380476 0.000000
vt 0.748112 0.375000 0.000000
vt 0.749528 0.377406 0.000000
vt 0.001888 0.375000 0.000000
vt 0.003696 0.407500 0.000000
vt 0.003696 0.375000 0.000000
vt 0.748112 0.618723 0.000000
vt 0.746304 0.621792 0.000000
vt 0.749528 0.621792 0.000000
vt 0.748112 0.624198 0.000000
vt 0.000472 0.377406 0.000000
vt 0.000472 0.380476 0.000000
vt 0.003696 0.377406 0.000000
vt 0.746304 0.407500 0.000000
vt 0.000000 0.380476 0.000000
vt 0.000472 0.618723 0.000000
vt 0.001888 0.624198 0.000000
vt 0.000472 0.621792 0.000000
vt 0.003696 0.621792 0.000000
vt 0.000000 0.618723 0.000000
vt 0.271331 0.872789 0.000000
vt 0.268220 0.871304 0.000000
vt 0.464341 0.625472 0.000000
vt 0.285659 0.625472 0.000000
vt 0.464341 0.621792 0.000000
vt 0.285659 0.621792 0.000000
vt 0.286507 0.356930 0.000000
vt 0.286507 0.358346 0.000000
vt 0.465190 0.358346 0.000000
vt 0.465190 0.356930 0.000000
vt 0.285659 0.377406 0.000000
vt 0.464341 0.377406 0.000000
vt 0.285659 0.874528 0.000000
vt 0.464341 0.874528 0.000000
vt 0.964341 0.621792 0.000000
vt 0.785659 0.621792 0.000000
vt 0.463034 0.067917 0.000000
vt 0.463034 0.066501 0.000000
vt 0.284351 0.066501 0.000000
vt 0.284351 0.067917 0.000000
vt 0.768414 0.359093 0.000000
vt 0.768414 0.362163 0.000000
vt 0.947097 0.362163 0.000000
vt 0.947097 0.359093 0.000000
vt 0.232964 0.314476 0.000000
vt 0.235370 0.314483 0.000000
vt 0.236071 0.071876 0.000000
vt 0.233665 0.071869 0.000000
vt 0.285659 0.407500 0.000000
vt 0.464341 0.407500 0.000000
vt 0.785659 0.407500 0.000000
vt 0.964341 0.407500 0.000000
vt 0.003696 0.407500 0.000000
vt 0.246304 0.407500 0.000000
vt 0.285659 0.407500 0.000000
vt 0.464341 0.407500 0.000000
vt 0.503696 0.407500 0.000000
vt 0.746304 0.407500 0.000000
vt 0.785659 0.407500 0.000000
vt 0.964341 0.407500 0.000000
# 175 texture coordinates

o game_cartrage
usemtl Mat.2_1
f 1676/488/405 1679/487/404 1673/486/403 1670/485/402
f 1682/492/409 1685/491/408 1680/490/407 1675/489/406
f 1688/496/413 1691/495/412 1686/494/411 1681/493/410
f 1671/500/417 1672/499/416 1692/498/415 1687/497/414
f 1678/504/421 1684/503/420 1690/502/419 1674/501/418
f 1763/508/260 1762/507/260 1761/506/260 1764/505/260
f 1743/511/424 1742/510/423 1741/509/422
f 1746/515/427 1745/514/426 1744/513/425
f 1749/518/430 1748/517/429 1747/516/428
f 1752/521/433 1751/520/432 1750/519/431
f 1755/524/436 1754/523/435 1753/522/434
f 1667/527/439 1668/526/438 1756/525/437
f 1664/530/442 1665/529/441 1666/528/440
f 1661/533/445 1662/532/444 1663/531/443
f 1693/535/447 1702/534/446 1672/499/416 1671/500/417
f 1699/537/449 1714/536/448 1678/504/421 1674/501/418
f 1711/539/451 1708/538/450 1675/489/406 1680/490/407
f 1705/543/452 1696/542/452 1669/541/452 1677/540/452
f 1715/547/454 1726/546/453 1684/545/420 1678/544/421
f 1723/551/456 1720/550/455 1681/549/410 1686/548/411
f 1717/555/457 1710/554/457 1677/553/457 1683/552/457
f 1727/557/459 1738/556/458 1690/502/419 1684/503/420
f 1735/559/461 1732/558/460 1687/497/414 1692/498/415
f 1729/563/462 1722/562/462 1683/561/462 1689/560/462
f 1739/567/464 1704/566/463 1674/565/418 1690/564/419
f 1697/571/465 1734/570/465 1689/569/465 1669/568/465
f 1693/535/447 1741/509/422 1742/510/423 1694/572/466
f 1695/574/468 1742/510/423 1743/511/424 1696/573/467
f 1697/576/470 1743/511/424 1741/509/422 1698/575/469
f 1693/535/447 1671/500/417 1698/575/469 1741/509/422
f 1695/574/468 1670/577/402 1694/572/466 1742/510/423
f 1697/580/471 1669/579/471 1696/578/471 1743/516/471
f 1699/582/449 1744/513/425 1745/514/426 1700/581/472
f 1701/583/473 1745/514/426 1746/515/427 1702/534/446
f 1703/584/474 1746/515/427 1744/513/425 1704/566/463
f 1699/582/449 1674/565/418 1704/566/463 1744/513/425
f 1701/583/473 1673/585/403 1700/581/472 1745/514/426
f 1703/584/474 1672/499/416 1702/534/446 1746/515/427
f 1705/578/476 1747/516/428 1748/517/429 1706/586/475
f 1707/587/477 1748/517/429 1749/518/430 1708/538/450
f 1709/588/479 1749/518/430 1747/516/428 1710/580/478
f 1705/573/480 1677/589/480 1710/576/480 1747/511/480
f 1707/587/477 1676/590/405 1706/586/475 1748/517/429
f 1709/588/479 1675/489/406 1708/538/450 1749/518/430
f 1711/539/451 1750/519/431 1751/520/432 1712/591/481
f 1713/593/482 1751/520/432 1752/521/433 1714/592/448
f 1715/547/454 1752/521/433 1750/519/431 1716/594/483
f 1711/539/451 1680/490/407 1716/594/483 1750/519/431
f 1713/593/482 1679/595/404 1712/591/481 1751/520/432
f 1715/597/454 1678/504/421 1714/536/448 1752/596/433
f 1717/599/485 1753/522/434 1754/523/435 1718/598/484
f 1719/600/486 1754/523/435 1755/524/436 1720/550/455
f 1721/602/488 1755/524/436 1753/522/434 1722/601/487
f 1717/605/489 1683/604/489 1722/603/489 1753/528/489
f 1719/600/486 1682/492/409 1718/598/484 1754/523/435
f 1721/602/488 1681/549/410 1720/550/455 1755/524/436
f 1723/551/456 1756/525/437 1668/526/438 1724/606/490
f 1725/607/491 1668/526/438 1667/527/439 1726/546/453
f 1727/609/459 1667/527/439 1756/525/437 1728/608/492
f 1723/551/456 1686/548/411 1728/608/492 1756/525/437
f 1725/607/491 1685/491/408 1724/606/490 1668/526/438
f 1727/609/459 1684/545/420 1726/546/453 1667/527/439
f 1729/603/494 1666/528/440 1665/529/441 1730/610/493
f 1731/611/495 1665/529/441 1664/530/442 1732/558/460
f 1733/612/497 1664/530/442 1666/528/440 1734/605/496
f 1729/601/498 1689/613/498 1734/599/498 1666/522/498
f 1731/611/495 1688/614/413 1730/610/493 1665/529/441
f 1733/612/497 1687/497/414 1732/558/460 1664/530/442
f 1735/559/461 1663/531/443 1662/532/444 1736/615/499
f 1737/617/500 1662/532/444 1661/533/445 1738/616/458
f 1739/567/464 1661/533/445 1663/531/443 1740/618/501
f 1735/559/461 1692/498/415 1740/618/501 1663/531/443
f 1737/617/500 1691/619/412 1736/615/499 1662/532/444
f 1739/621/464 1690/502/419 1738/556/458 1661/620/445
f 1693/535/447 1694/572/466 1701/583/473 1702/534/446
f 1694/572/466 1670/577/402 1673/585/403 1701/583/473
f 1699/537/449 1700/623/472 1713/622/482 1714/536/448
f 1700/625/472 1673/486/403 1679/487/404 1713/624/482
f 1711/539/451 1712/591/481 1707/587/477 1708/538/450
f 1712/591/481 1679/595/404 1676/590/405 1707/587/477
f 1705/629/476 1706/628/475 1695/627/468 1696/626/467
f 1706/631/475 1676/488/405 1670/485/402 1695/630/468
f 1715/547/454 1716/594/483 1725/607/491 1726/546/453
f 1716/594/483 1680/490/407 1685/491/408 1725/607/491
f 1723/551/456 1724/606/490 1719/600/486 1720/550/455
f 1724/606/490 1685/491/408 1682/492/409 1719/600/486
f 1717/599/485 1718/598/484 1709/588/479 1710/580/478
f 1718/598/484 1682/492/409 1675/489/406 1709/588/479
f 1727/557/459 1728/633/492 1737/632/500 1738/556/458
f 1728/635/492 1686/494/411 1691/495/412 1737/634/500
f 1735/559/461 1736/615/499 1731/611/495 1732/558/460
f 1736/615/499 1691/619/412 1688/614/413 1731/611/495
f 1729/639/494 1730/638/493 1721/637/488 1722/636/487
f 1730/643/493 1688/642/413 1681/641/410 1721/640/488
f 1739/567/464 1740/618/501 1703/584/474 1704/566/463
f 1740/618/501 1692/498/415 1672/499/416 1703/584/474
f 1697/647/470 1698/646/469 1733/645/497 1734/644/496
f 1698/575/469 1671/500/417 1687/497/414 1733/612/497
f 1757/589/273 1669/589/273 1689/604/273 1760/604/273
f 1758/649/502 1677/649/503 1669/648/503 1757/648/502
f 1759/613/504 1683/613/504 1677/579/504 1758/579/504
f 1760/651/505 1689/651/506 1683/650/506 1759/650/505
f 1761/653/273 1757/589/273 1760/604/273 1764/652/273
f 1762/655/503 1758/649/502 1757/648/502 1761/654/503
f 1763/657/504 1759/613/504 1758/579/504 1762/656/504
f 1764/659/505 1760/651/505 1759/650/505 1763/658/505

v -62.901780 68.687591 -78.410290
v -63.423898 68.687591 -78.152158
v -63.846827 68.687591 -77.729230
v -64.104958 68.687591 -77.207111
v -64.683994 67.678627 39.572165
v -25.772688 1.978862 63.582149
v -51.084188 1.978862 63.582149
v -51.103814 2.302738 63.844911
v -51.376235 1.978862 63.538277
v -64.185170 68.687591 39.572165
v -25.772688 2.302738 63.844911
v -51.455877 2.302738 63.792024
v -51.639281 1.978862 63.408229
v -51.794502 2.302738 63.624611
v -63.367884 69.504877 39.572165
v -32.423724 2.302738 -63.844911
v -51.852435 1.978862 63.195075
v -52.068817 2.302738 63.350296
v -51.982483 1.978862 62.932029
v -62.358920 70.003701 39.572165
v -32.423724 1.978862 -63.582149
v -52.236230 2.302738 63.011671
v -52.026355 1.978862 62.639982
v -52.289117 2.302738 62.659608
v -64.683994 67.678627 0.000000
v -52.026355 1.978862 0.000000
v -52.289117 2.302738 31.966249
v -52.026355 1.978862 31.966249
v 37.411932 1.978862 -63.582149
v -64.185170 68.687591 0.000000
v -52.289117 2.302738 0.000000
v 37.411932 2.302738 -63.844911
v 51.084188 1.978862 -63.582149
v 51.103814 2.302738 -63.844911
v -63.367884 69.504877 0.000000
v -61.946572 69.504877 -77.584383
v -62.524801 69.504877 -77.298512
v -62.993180 69.504877 -76.830132
v -63.279052 69.504877 -76.251903
v -62.358920 70.003701 0.000000
v -25.772688 1.978862 -63.582149
v 51.376235 1.978862 -63.538277
v 51.455877 2.302738 -63.792024
v 51.639281 1.978862 -63.408229
v -64.683994 67.678627 -39.572165
v -25.772688 2.302738 -63.844911
v 51.794502 2.302738 -63.624611
v 51.852435 1.978862 -63.195075
v 52.068817 2.302738 -63.350296
v -64.185170 68.687591 -39.572165
v -22.447159 1.978862 -63.582149
v 51.982483 1.978862 -62.932029
v 52.236230 2.302738 -63.011671
v 52.026355 1.978862 -62.639982
v -63.367884 69.504877 -39.572165
v 64.317227 39.071302 -77.824264
v 64.084028 39.094317 -78.298243
v 63.701950 39.132027 -78.682178
v 63.230263 39.178580 -78.916509
v -62.358920 70.003701 -39.572165
v -22.447159 2.302738 -63.844911
v 52.289117 2.302738 -62.659608
v 52.289117 2.302738 -31.966249
v 52.026355 1.978862 -31.966249
v 63.912554 40.125107 -77.207111
v -7.482386 1.978862 -63.582149
v -51.982483 1.978862 -62.932029
v -52.236230 2.302738 -63.011671
v -51.852435 1.978862 -63.195075
v 63.655670 40.150460 -77.729230
v -7.482386 2.302738 -63.844911
v -52.068817 2.302738 -63.350296
v -51.639281 1.978862 -63.408229
v -51.794502 2.302738 -63.624611
v 63.234787 40.192000 -78.152158
v 7.482386 1.978862 -63.582149
v -51.376235 1.978862 -63.538277
v -51.455877 2.302738 -63.792024
v -51.084188 1.978862 -63.582149
v 62.715193 40.243281 -78.410290
v 7.482386 2.302738 -63.844911
v -51.103814 2.302738 -63.844911
v -37.411932 2.302738 -63.844911
v -37.411932 1.978862 -63.582149
v -46.313571 67.678627 -78.989325
v 22.447159 1.978862 -63.582149
v -52.026355 1.978862 -31.966249
v -52.289117 2.302738 -31.966249
v -52.289117 2.302738 -62.659608
v -46.313571 68.687591 -78.490501
v 63.170913 41.019560 -76.251903
v 62.886424 41.047638 -76.830132
v 62.420308 41.093642 -77.298512
v 61.844875 41.150434 -77.584383
v -46.313571 69.504877 -77.673215
v 22.447159 2.302738 -63.844911
v -52.026355 1.978862 -62.639982
v -25.772688 1.870903 63.246827
v -25.772688 2.716051 63.932499
v -46.313571 70.003701 -76.664252
v 52.026355 1.978862 0.000000
v -25.772688 1.870903 -63.246827
v -25.772688 2.716051 -63.932499
v -32.423724 1.870903 63.246827
v -27.635333 48.146606 -78.989325
v 52.289117 2.302738 0.000000
v -32.423724 2.716051 63.932499
v -32.423724 2.716051 -63.932499
v -32.423724 1.870903 -63.246827
v -27.536234 49.150691 -78.490501
v -46.313571 70.158706 39.572165
v -46.313571 70.158706 0.000000
v -46.313571 70.158706 -39.572165
v -27.391744 50.614693 39.572165
v -27.391744 50.614693 0.000000
v -27.391744 50.614693 -39.572165
v -8.955888 48.795157 39.572165
v -8.955888 48.795157 0.000000
v -8.955888 48.795157 -39.572165
v 9.479968 46.975621 39.572165
v 9.479968 46.975621 0.000000
v 9.479968 46.975621 -39.572165
v 27.915824 45.156085 39.572165
v 27.915824 45.156085 0.000000
v 27.915824 45.156085 -39.572165
v 46.351680 43.336549 39.572165
v 46.351680 43.336549 0.000000
v 46.351680 43.336549 -39.572165
v -37.411932 1.870903 -31.966249
v -37.411932 1.870903 0.000000
v -37.411932 1.870903 31.966249
v -22.447159 1.870903 -31.966249
v -22.447159 1.870903 0.000000
v -22.447159 1.870903 31.966249
v -7.482386 1.870903 -31.966249
v -7.482386 1.870903 0.000000
v -7.482386 1.870903 31.966249
v 7.482386 1.870903 -31.966249
v 7.482386 1.870903 0.000000
v 7.482386 1.870903 31.966249
v 22.447159 1.870903 -31.966249
v 22.447159 1.870903 0.000000
v 22.447159 1.870903 31.966249
v 37.411932 1.870903 -31.966249
v 37.411932 1.870903 0.000000
v 37.411932 1.870903 31.966249
v 63.230263 39.178580 78.916509
v 63.701950 39.132027 78.682178
v -46.313571 42.562419 79.144330
v -46.313571 70.158706 75.632406
v -27.736679 47.119750 79.144330
v -27.391744 50.614693 75.632406
v -9.300823 45.300214 79.144330
v -8.955888 48.795157 75.632406
v 9.135033 43.480678 79.144330
v 9.479968 46.975621 75.632406
v 27.570889 41.661141 79.144330
v 27.915824 45.156085 75.632406
v 46.006744 39.841605 79.144330
v 46.351680 43.336549 75.632406
v 64.084028 39.094317 78.298243
v 64.317227 39.071302 77.824264
v 64.442600 38.022069 39.572165
v 61.292592 41.861948 39.572165
v 64.442600 38.022069 0.000000
v 61.292592 41.861948 0.000000
v 64.442600 38.022069 -39.572165
v 61.292592 41.861948 -39.572165
v 62.715193 40.243281 78.410290
v 63.234787 40.192000 78.152158
v 46.006744 39.841605 -79.144330
v 46.351680 43.336549 -75.632406
v 27.570889 41.661141 -79.144330
v 27.915824 45.156085 -75.632406
v 9.135033 43.480678 -79.144330
v 9.479968 46.975621 -75.632406
v -9.300823 45.300214 -79.144330
v -8.955888 48.795157 -75.632406
v -27.736679 47.119750 -79.144330
v -27.391744 50.614693 -75.632406
v -46.313571 42.562419 -79.144330
v -46.313571 70.158706 -75.632406
v 63.655670 40.150460 77.729230
v 63.912554 40.125107 77.207111
v -27.406968 50.460437 -76.664252
v -61.327075 70.158706 -39.572165
v -27.455962 49.964025 -77.673215
v -61.327075 70.158706 0.000000
v -63.279052 69.504877 76.251903
v -61.327075 70.158706 39.572165
v 61.844875 41.150434 77.584383
v 62.420308 41.093642 77.298512
v 62.886424 41.047638 76.830132
v 63.170913 41.019560 76.251903
v -46.313571 70.003701 76.664252
v -46.313571 69.504877 77.673215
v -46.313571 68.687591 78.490501
v -46.313571 67.678627 78.989325
v -27.406968 50.460437 76.664252
v -27.455962 49.964025 77.673215
v -27.536234 49.150691 78.490501
v -27.635333 48.146606 78.989325
v -8.971112 48.640901 76.664252
v -9.020106 48.144489 77.673215
v -9.100378 47.331155 78.490501
v -9.199477 46.327070 78.989325
v 9.464744 46.821365 76.664252
v 9.415750 46.324953 77.673215
v 9.335478 45.511619 78.490501
v 9.236379 44.507534 78.989325
v 27.900599 45.001829 76.664252
v 27.851606 44.505417 77.673215
v 27.771333 43.692083 78.490501
v 27.672235 42.687997 78.989325
v 46.336455 43.182293 76.664252
v 46.287462 42.685881 77.673215
v 46.207189 41.872547 78.490501
v 46.108090 40.868461 78.989325
v -64.611557 67.678627 77.830324
v -64.378445 67.678627 78.301838
v -63.996508 67.678627 78.683775
v -63.524997 67.678627 78.916888
v 62.304224 41.606346 39.572165
v 63.259316 41.010835 39.572165
v 63.992378 40.117229 39.572165
v 64.389691 39.064150 39.572165
v 62.304224 41.606346 0.000000
v 63.259316 41.010835 0.000000
v 63.992378 40.117229 0.000000
v 64.389691 39.064150 0.000000
v 62.304224 41.606346 -39.572165
v 63.259316 41.010835 -39.572165
v 63.992378 40.117229 -39.572165
v 64.389691 39.064150 -39.572165
v -64.104958 68.687591 77.207111
v -63.846827 68.687591 77.729230
v -63.423898 68.687591 78.152158
v -62.901780 68.687591 78.410290
v 46.336455 43.182293 -76.664252
v 46.287462 42.685881 -77.673215
v 46.207189 41.872547 -78.490501
v 46.108090 40.868461 -78.989325
v 27.900599 45.001829 -76.664252
v 27.851606 44.505417 -77.673215
v 27.771333 43.692083 -78.490501
v 27.672235 42.687997 -78.989325
v 9.464744 46.821365 -76.664252
v 9.415750 46.324953 -77.673215
v 9.335478 45.511619 -78.490501
v 9.236379 44.507534 -78.989325
v -8.971112 48.640901 -76.664252
v -9.020106 48.144489 -77.673215
v -9.100378 47.331155 -78.490501
v -9.199477 46.327070 -78.989325
v 22.447159 1.978862 63.582149
v 22.447159 2.302738 63.844911
v -51.482425 2.716051 -63.876606
v -51.274600 1.870903 -63.214460
v -51.846242 2.716051 -63.696738
v -51.441197 1.870903 -63.132096
v -52.140944 2.716051 -63.402036
v -51.576302 1.870903 -62.996991
v 7.482386 1.978862 63.582149
v 7.482386 2.302738 63.844911
v -52.320812 2.716051 -63.038219
v -51.658666 1.870903 -62.830394
v 52.320812 2.716051 -63.038219
v 51.658666 1.870903 -62.830394
v 52.140944 2.716051 -63.402036
v 51.576302 1.870903 -62.996991
v -22.447159 2.302738 63.844911
v -22.447159 1.978862 63.582149
v 51.846242 2.716051 -63.696738
v 51.441197 1.870903 -63.132096
v 51.482425 2.716051 -63.876606
v 51.274600 1.870903 -63.214460
v 51.482425 2.716051 63.876606
v 51.274600 1.870903 63.214460
v -64.683994 67.678627 -77.348123
v -63.042792 67.678627 -78.989325
v -62.367821 68.687591 -78.490501
v -64.185170 68.687591 -76.673153
v -61.355230 69.504877 -77.673215
v -63.367884 69.504877 -75.660561
v -60.203887 70.003701 -76.664252
v -62.358920 70.003701 -74.509219
v -7.482386 1.978862 63.582149
v -7.482386 2.302738 63.844911
v 51.846242 2.716051 63.696738
v 51.441197 1.870903 63.132096
v 52.140944 2.716051 63.402036
v 51.576302 1.870903 62.996991
v 52.320812 2.716051 63.038219
v 51.658666 1.870903 62.830394
v -59.122337 70.158706 75.632406
v -61.327075 70.158706 73.427668
v -63.271326 42.562419 79.144330
v -64.838999 43.518330 77.573707
v 61.292592 41.861948 73.427668
v 59.098514 42.078493 75.632406
v 62.863793 38.177890 79.144330
v 64.442600 38.022069 77.568070
v 59.098514 42.078493 -75.632406
v 61.292592 41.861948 -73.427668
v 64.442600 38.022069 -77.568070
v 62.863793 38.177890 -79.144330
v -61.327075 70.158706 -73.427668
v -59.122337 70.158706 -75.632406
v -64.838089 42.557579 -77.576672
v -63.271326 42.562419 -79.144330
v -63.042792 67.678627 78.989325
v -64.683994 67.678627 77.348118
v -62.367821 68.687591 78.490501
v -64.185170 68.687591 76.673153
v -61.355230 69.504877 77.673215
v -63.367884 69.504877 75.660561
v -60.203887 70.003701 76.664252
v -62.358920 70.003701 74.509219
v 60.159611 41.818010 76.664252
v 62.304224 41.606346 74.509219
v 61.256393 41.208515 77.673215
v 63.259316 41.010835 75.660561
v 62.183816 40.295726 78.490501
v 63.992378 40.117229 76.673153
v 62.747879 39.226189 78.989325
v 64.389691 39.064150 77.339536
v 62.304224 41.606346 -74.509219
v 60.159611 41.818010 -76.664252
v 63.259316 41.010835 -75.660561
v 61.256393 41.208515 -77.673215
v 63.992378 40.117229 -76.673153
v 62.183816 40.295726 -78.490501
v 64.389691 39.064150 -77.339536
v 62.747879 39.226189 -78.989325
v -52.320812 2.716051 63.038219
v -51.658666 1.870903 62.830394
v -52.140944 2.716051 63.402036
v -51.576302 1.870903 62.996991
v -63.731806 42.562206 -79.075134
v -64.182069 42.561518 -78.852440
v -64.546724 42.560391 -78.487576
v -64.769159 42.559001 -78.037189
v -63.524997 67.678627 -78.916888
v -63.996508 67.678627 -78.683776
v -64.378445 67.678627 -78.301840
v -64.611557 67.678627 -77.830328
v -32.423724 1.978862 63.582149
v -32.423724 2.302738 63.844911
v 52.026355 1.978862 31.966249
v 52.289117 2.302738 31.966249
v -51.846242 2.716051 63.696738
v -51.441197 1.870903 63.132096
v -51.482425 2.716051 63.876606
v -51.274600 1.870903 63.214460
v -52.376705 2.716051 -62.666150
v -51.691033 1.870903 -62.614936
v -51.110356 2.716051 -63.932499
v -51.059142 1.870903 -63.246827
v 52.026355 1.978862 62.639982
v 52.289117 2.302738 62.659608
v 51.982483 1.978862 62.932029
v 52.236230 2.302738 63.011671
v 51.110356 2.716051 -63.932499
v 51.059142 1.870903 -63.246827
v 52.376705 2.716051 -62.666150
v 51.691033 1.870903 -62.614936
v 52.376705 2.716051 62.666150
v 51.691033 1.870903 62.614936
v 51.110356 2.716051 63.932499
v 51.059142 1.870903 63.246827
v -51.110356 2.716051 63.932499
v -51.059142 1.870903 63.246827
v -52.376705 2.716051 62.666150
v -51.691033 1.870903 62.614936
v -52.376705 2.716051 31.966249
v -51.691033 1.870903 31.966249
v -51.691033 1.870903 0.000000
v -52.376705 2.716051 0.000000
v -64.769807 43.237472 78.035175
v -64.547139 42.962842 78.486410
v -64.182314 42.740385 78.851921
v -63.731927 42.604610 79.075008
v 63.327666 38.132108 79.074759
v 63.781251 38.087341 78.850872
v 64.148667 38.051079 78.484048
v 64.372917 38.028947 78.031194
v -52.376705 2.716051 -31.966249
v -51.691033 1.870903 -31.966249
v -37.411932 2.716051 -63.932499
v -37.411932 1.870903 -63.246827
v 51.852435 1.978862 63.195075
v 52.068817 2.302738 63.350296
v 51.639281 1.978862 63.408229
v 51.794502 2.302738 63.624611
v -22.447159 1.870903 -63.246827
v -22.447159 2.716051 -63.932499
v -7.482386 1.870903 -63.246827
v -7.482386 2.716051 -63.932499
v 7.482386 1.870903 -63.246827
v 7.482386 2.716051 -63.932499
v 22.447159 1.870903 -63.246827
v 22.447159 2.716051 -63.932499
v 64.372917 38.028947 -78.031194
v 64.148667 38.051079 -78.484048
v 63.781251 38.087341 -78.850872
v 63.327666 38.132108 -79.074759
v 37.411932 2.716051 -63.932499
v 37.411932 1.870903 -63.246827
v 52.376705 2.716051 -31.966249
v 51.691033 1.870903 -31.966249
v 51.376235 1.978862 63.538277
v 51.455877 2.302738 63.792024
v 51.084188 1.978862 63.582149
v 51.103814 2.302738 63.844911
v 51.691033 1.870903 0.000000
v 52.376705 2.716051 0.000000
v 52.376705 2.716051 31.966249
v 51.691033 1.870903 31.966249
v -60.837062 70.003701 76.569135
v -61.456196 70.003701 76.263041
v -61.957709 70.003701 75.761527
v -62.263804 70.003701 75.142393
v -61.229765 70.158706 74.075447
v -60.916610 70.158706 74.708861
v -60.403529 70.158706 75.221942
v -59.770115 70.158706 75.535096
v 59.743161 42.014870 75.535096
v 60.373512 41.952657 75.221942
v 60.884112 41.902263 74.708861
v 61.195753 41.871505 74.075447
v 62.209568 41.615688 75.142393
v 61.904953 41.645752 75.761527
v 61.405864 41.695010 76.263041
v 60.789724 41.755821 76.569135
v 61.195753 41.871505 -74.075447
v 60.884112 41.902263 -74.708861
v 60.373512 41.952657 -75.221942
v 59.743161 42.014870 -75.535096
v 60.789724 41.755821 -76.569135
v 61.405864 41.695010 -76.263041
v 61.904953 41.645752 -75.761527
v 62.209568 41.615688 -75.142393
v -59.770115 70.158706 -75.535096
v -60.403529 70.158706 -75.221942
v -60.916610 70.158706 -74.708861
v -61.229765 70.158706 -74.075447
v -62.263804 70.003701 -75.142393
v -61.957709 70.003701 -75.761527
v -61.456196 70.003701 -76.263041
v -60.837062 70.003701 -76.569135
v -61.946572 69.504877 77.584383
v -62.524801 69.504877 77.298512
v -62.993180 69.504877 76.830132
v -32.423724 1.870903 0.000000
v -32.423724 1.870903 -31.966249
v 37.411932 2.302738 63.844911
v 37.411932 2.716051 63.932499
v 37.411932 1.870903 63.246827
v 22.447159 1.870903 63.246827
v -40.121335 44.081514 -79.144330
v -40.087554 61.168018 -78.989325
v -40.054521 62.175356 -78.490501
v -40.027764 62.991325 -77.673215
v -40.011433 63.489345 -76.664252
v -40.006358 63.644100 -75.632406
v -31.637890 54.616651 0.000000
v -31.410074 54.669202 0.000000
v -40.047587 63.443249 0.000000
v -40.006358 63.644100 75.632406
v -40.011433 63.489345 76.664252
v -40.027764 62.991325 77.673215
v -40.054521 62.175356 78.490501
v -40.087554 61.168018 78.989325
v -40.121335 44.081514 79.144330
v 22.447159 2.716051 63.932499
v 7.482386 1.870903 63.246827
v 7.482386 2.716051 63.932499
v 37.411932 1.978862 63.582149
v -32.423724 1.870903 31.966249
v -25.772688 1.870903 0.000000
v -25.772688 1.870903 -31.966249
v -37.411932 1.978862 63.582149
v -7.482386 1.870903 63.246827
v -7.482386 2.716051 63.932499
v -22.447159 1.870903 63.246827
v -31.864906 46.107002 -79.144330
v -31.786081 52.487085 -78.989325
v -31.709005 53.492255 -78.490501
v -31.646571 54.306467 -77.673215
v -31.608465 54.803415 -76.664252
v -31.596624 54.957837 -75.632406
v -40.176320 63.758791 0.000000
v -31.665741 54.668105 39.593212
v -31.576414 54.858987 39.841206
v -31.596624 54.957837 75.632406
v -31.608465 54.803415 76.664252
v -31.646571 54.306467 77.673215
v -31.709005 53.492255 78.490501
v -31.786081 52.487085 78.989325
v -31.864906 46.107002 79.144330
v -22.447159 2.716051 63.932499
v -37.411932 2.716051 63.932499
v -37.411932 1.870903 63.246827
v -37.411932 2.302738 63.844911
v -25.772688 1.870903 31.966249
v -39.949438 53.285750 -39.572165
v -39.949438 53.285750 0.000000
v -39.949438 53.285750 39.572165
v -32.777883 51.342607 -39.572165
v -32.777883 51.342607 0.000000
v -32.777883 51.342607 39.572165
v -40.006358 63.644100 -40.105396
v -40.377262 64.027200 -39.572165
v -40.002775 62.992000 -39.572165
v -40.377262 64.027200 0.000000
v -40.003428 63.110877 0.000000
v -40.377262 64.027200 39.572165
v -40.006358 63.644100 40.105396
v -40.002775 62.992000 39.572165
v -31.225720 54.574737 -39.572165
v -31.596624 54.957837 -40.105396
v -31.773070 54.417825 -39.572165
v -31.225720 54.574737 0.000000
v -31.762238 54.450977 0.000000
v -31.773070 54.417825 39.572165
v -31.596624 54.957837 40.105396
v -31.225720 54.574737 39.572165
v -40.053955 63.347053 -39.355293
v -40.203922 63.761608 -39.355293
v -40.253627 63.899500 -39.749909
v -40.129993 63.771800 -39.927653
v -39.876203 63.425328 -39.849592
v -39.874804 63.170875 -39.641522
v -39.890169 63.194475 39.639932
v -39.891535 63.443097 39.843234
v -40.129993 63.771800 39.927653
v -40.253627 63.899500 39.749909
v -40.197243 63.757635 39.382796
v -40.052346 63.357096 39.382796
v -31.793959 54.739690 -39.650048
v -31.716644 54.976311 -39.883698
v -31.472989 54.830137 -39.927653
v -31.349354 54.702437 -39.749909
v -31.395031 54.638229 -39.450110
v -31.648269 54.565631 -39.450110
v -31.349354 54.702437 39.749909
v -31.472989 54.830137 39.927653
v -31.720469 54.979419 39.886190
v -31.798403 54.740905 39.650671
v -31.648640 54.562817 39.445270
v -31.393585 54.635935 39.445270
v -40.006023 63.367484 -39.562076
v -40.177194 63.761158 -39.591738
v -40.026363 63.608019 -39.814982
v -40.006899 63.377532 39.566516
v -40.027359 63.610563 39.809594
v -40.172483 63.758829 39.595474
v -31.665137 54.670647 -39.592808
v -31.576730 54.860160 -39.839014
v -31.425188 54.699515 -39.624800
v -31.423884 54.697414 39.625662
# 561 vertices

vn -0.977744 -0.209282 0.014735
vn -0.966631 -0.249777 -0.056882
vn -0.987916 -0.143635 -0.058238
vn -0.995046 0.098641 0.012353
vn -0.965854 0.249052 -0.071403
vn 0.000000 1.000000 0.000000
vn -0.003875 0.998447 0.055579
vn -0.069482 0.997571 0.004845
vn -0.074485 0.997222 0.000000
vn 0.000000 0.997222 0.074485
vn -0.017059 0.998232 0.056943
vn -0.056944 0.998232 0.017059
vn -0.040858 0.997509 0.057508
vn -0.057508 0.997509 0.040858
vn 0.101923 0.993239 0.055579
vn 0.097945 0.992401 0.074484
vn 0.098218 0.995165 -0.000000
vn 0.167125 0.985924 0.004844
vn 0.172069 0.985085 -0.000000
vn 0.154712 0.987812 0.017058
vn 0.115021 0.991730 0.056943
vn 0.155202 0.987037 0.040857
vn 0.138632 0.988673 0.057507
vn -0.069482 0.997571 -0.004845
vn -0.003875 0.998447 -0.055579
vn -0.056944 0.998232 -0.017059
vn -0.017059 0.998232 -0.056943
vn -0.057508 0.997509 -0.040858
vn -0.040858 0.997509 -0.057508
vn 0.000000 0.997222 -0.074485
vn 0.098218 0.995165 0.000000
vn 0.097945 0.992401 -0.074484
vn 0.101923 0.993239 -0.055579
vn 0.115021 0.991730 -0.056943
vn 0.154712 0.987812 -0.017058
vn 0.167125 0.985924 -0.004844
vn 0.138632 0.988673 -0.057507
vn 0.155203 0.987037 -0.040857
vn 0.172069 0.985085 0.000000
vn -0.009212 -0.992321 -0.123343
vn -0.154258 -0.987963 -0.011522
vn -0.155109 -0.987897 0.000000
vn 0.000000 -0.987897 -0.155109
vn -0.045906 -0.988181 -0.146258
vn -0.146258 -0.988181 -0.045905
vn -0.118852 -0.978991 -0.165681
vn -0.165681 -0.978991 -0.118851
vn 0.009212 -0.992321 -0.123343
vn 0.000000 -0.987897 -0.155109
vn 0.154258 -0.987963 -0.011522
vn 0.155109 -0.987897 0.000000
vn 0.146258 -0.988181 -0.045905
vn 0.045906 -0.988181 -0.146258
vn 0.165681 -0.978991 -0.118851
vn 0.118852 -0.978991 -0.165681
vn -0.154258 -0.987963 0.011522
vn -0.009212 -0.992321 0.123343
vn -0.155109 -0.987897 0.000000
vn -0.146258 -0.988181 0.045905
vn -0.045906 -0.988181 0.146258
vn -0.165681 -0.978991 0.118851
vn -0.118852 -0.978991 0.165681
vn 0.000000 -0.987897 0.155109
vn 0.000000 -0.987897 0.155109
vn 0.009212 -0.992321 0.123343
vn 0.045906 -0.988181 0.146258
vn 0.146258 -0.988181 0.045905
vn 0.154258 -0.987963 0.011522
vn 0.118852 -0.978991 0.165681
vn 0.165681 -0.978991 0.118851
vn 0.155109 -0.987897 0.000000
vn -0.990227 -0.134220 0.037878
vn -0.969969 -0.240523 0.036167
vn -0.977915 -0.208516 -0.014232
vn -0.994985 0.099311 -0.011929
vn -0.965770 0.249201 0.072028
vn 0.718049 0.695100 0.035230
vn 0.718450 0.695578 -0.000002
vn 0.750112 0.659420 -0.049978
vn 0.764768 0.643712 -0.027645
vn 0.759094 0.648303 -0.058990
vn 0.735016 0.670879 -0.098349
vn 0.717476 0.694501 0.053822
vn 0.750520 0.658787 0.052146
vn 0.718450 0.695578 0.000001
vn 0.718049 0.695100 -0.035230
vn 0.734654 0.670964 0.100448
vn 0.717476 0.694501 -0.053823
vn 0.760777 0.646199 0.060373
vn 0.766583 0.641555 0.027531
vn 0.499444 0.864559 -0.055618
vn 0.640502 0.759937 0.110692
vn 0.672547 0.727853 0.133827
vn 0.717404 0.694434 -0.055621
vn 0.718450 0.695578 -0.000002
vn 0.588692 0.805734 0.065067
vn 0.604282 0.784746 0.137901
vn 0.600850 0.786908 -0.140551
vn 0.586427 0.807359 -0.065388
vn 0.718450 0.695578 0.000002
vn 0.638567 0.761133 -0.113618
vn 0.499444 0.864559 0.055618
vn 0.672235 0.728054 -0.134304
vn 0.717404 0.694433 0.055621
vn -0.990772 0.135538 0.000000
vn -0.980456 -0.196740 0.000000
vn 0.010440 -0.279250 0.960162
vn -0.075467 -0.293072 0.953107
vn -0.077425 -0.188173 0.979079
vn 0.011597 -0.174237 0.984635
vn 0.024471 -0.165436 0.985917
vn 0.020281 -0.273168 0.961753
vn 0.005636 -0.267996 0.963404
vn 0.007921 -0.107433 0.994181
vn -0.001072 -0.097605 0.995225
vn -0.008355 -0.272861 0.962017
vn -0.008617 -0.279040 0.960241
vn -0.001340 -0.104001 0.994576
vn -0.001641 -0.110766 0.993845
vn -0.008911 -0.285567 0.958317
vn -0.009207 -0.292506 0.956219
vn -0.001945 -0.117966 0.993016
vn 0.071316 -0.129785 0.988974
vn 0.060781 -0.307746 0.949525
vn 0.000000 -0.430649 0.902520
vn 0.019526 -0.268227 0.963158
vn 0.000000 -0.825144 0.564923
vn 0.000000 -0.825144 0.564923
vn 0.000000 -0.430649 0.902520
vn 0.000000 -0.825144 -0.564923
vn 0.000000 -0.987897 -0.155109
vn 0.000000 -0.430649 -0.902520
vn 0.000000 -0.430649 -0.902520
vn 0.000000 -0.825144 -0.564923
vn -0.902520 -0.430649 0.000000
vn -0.902520 -0.430649 0.000000
vn -0.564923 -0.825144 0.000000
vn -0.902520 -0.430649 0.000000
vn 0.005636 -0.267996 -0.963404
vn 0.019854 -0.267765 -0.963280
vn 0.000000 -0.825144 -0.564923
vn 0.000000 -0.430649 -0.902520
vn -0.008355 -0.272861 -0.962017
vn -0.008617 -0.279040 -0.960241
vn -0.008911 -0.285567 -0.958317
vn -0.009207 -0.292506 -0.956219
vn 0.964019 -0.265834 0.000000
vn 0.957529 -0.279230 0.071893
vn 0.986759 -0.144495 0.073676
vn 0.990315 -0.138839 0.000000
vn 0.990315 -0.138839 0.000000
vn 0.964019 -0.265834 0.000000
vn 0.986759 -0.144496 -0.073676
vn 0.957529 -0.279232 -0.071893
vn 0.902520 -0.430649 0.000000
vn 0.902520 -0.430649 0.000000
vn 0.564923 -0.825144 0.000000
vn 0.902520 -0.430649 0.000000
vn 0.000000 -0.430649 0.902520
vn 0.000000 -0.825144 0.564923
vn 0.000000 -0.430649 0.902520
vn 0.060781 -0.307746 -0.949525
vn 0.071316 -0.129785 -0.988974
vn -0.001945 -0.117966 -0.993016
vn -0.001641 -0.110766 -0.993845
vn -0.001340 -0.104001 -0.994576
vn -0.001072 -0.097605 -0.995225
vn 0.007921 -0.107433 -0.994181
vn 0.019057 -0.139881 -0.989985
vn 0.010440 -0.279250 -0.960162
vn 0.011597 -0.174237 -0.984635
vn -0.072909 -0.187162 -0.979620
vn -0.070974 -0.292048 -0.953767
vn 0.562286 -0.825876 0.041998
vn 0.899547 -0.431625 0.067188
vn 0.534570 -0.828301 0.167783
vn 0.859158 -0.434892 0.269659
vn 0.454854 -0.828640 0.326288
vn 0.731512 -0.435350 0.524748
vn 0.326289 -0.828639 0.454855
vn 0.524747 -0.435350 0.731513
vn 0.167783 -0.828301 0.534571
vn 0.269659 -0.434892 0.859158
vn 0.041998 -0.825875 0.562287
vn 0.067189 -0.431625 0.899547
vn -0.041998 -0.825875 0.562287
vn -0.067189 -0.431625 0.899547
vn -0.167783 -0.828301 0.534572
vn -0.269659 -0.434892 0.859158
vn -0.326289 -0.828639 0.454855
vn -0.524747 -0.435350 0.731513
vn -0.454854 -0.828640 0.326288
vn -0.731512 -0.435350 0.524748
vn -0.534570 -0.828302 0.167783
vn -0.859158 -0.434892 0.269659
vn -0.562286 -0.825876 0.041998
vn -0.899547 -0.431625 0.067188
vn 0.041998 -0.825875 -0.562287
vn 0.067189 -0.431625 -0.899547
vn 0.098218 0.995165 0.000000
vn 0.098218 0.995165 0.000000
vn 0.097945 0.992401 0.074485
vn 0.097945 0.992401 0.074484
vn 0.098218 0.995165 0.000000
vn 0.097945 0.992401 0.074484
vn 0.718450 0.695578 0.000000
vn 0.770542 0.637389 -0.000013
vn 0.098218 0.995165 0.000000
vn 0.098218 0.995165 0.000000
vn 0.172069 0.985085 0.000000
vn 0.098218 0.995165 0.000000
vn 0.098218 0.995165 0.000000
vn 0.097945 0.992401 -0.074485
vn 0.097945 0.992401 -0.074484
vn 0.097945 0.992401 -0.074484
vn 0.000000 -0.987897 -0.155109
vn 0.000000 -0.987897 -0.155109
vn 0.000000 -0.987897 -0.155109
vn 0.000000 -0.987897 0.155109
vn 0.000000 -0.987897 0.155109
vn 0.000000 -0.987897 0.155109
vn 0.000000 0.954108 0.299463
vn -0.019628 0.959729 0.280241
vn 0.700797 0.677692 0.222751
vn 0.701406 0.678281 0.219008
vn 0.093711 0.949495 0.299462
vn 0.421259 0.861892 0.282282
vn 0.093711 0.949495 0.299462
vn 0.093711 0.949495 0.299462
vn 0.093711 0.949495 0.299462
vn 0.113796 0.953161 0.280240
vn 0.391725 0.920083 0.000000
vn 0.373149 0.927564 0.019626
vn 0.391725 0.920083 0.000000
vn 0.373149 0.927564 -0.019626
vn 0.093711 0.949495 -0.299462
vn 0.113796 0.953161 -0.280240
vn 0.093711 0.949495 -0.299462
vn 0.093711 0.949495 -0.299462
vn 0.093711 0.949495 -0.299462
vn 0.421259 0.861892 -0.282282
vn 0.699638 0.676574 -0.229685
vn -0.019628 0.959729 -0.280241
vn 0.000000 0.954108 -0.299463
vn -0.299463 0.954108 0.000000
vn -0.280241 0.959729 -0.019627
vn -0.280241 0.959729 0.019627
vn 0.340964 0.760237 0.552976
vn -0.039213 0.832517 0.552611
vn 0.263932 0.556114 0.788084
vn -0.057018 0.614398 0.786933
vn 0.109315 0.222977 0.968675
vn -0.071427 0.249073 0.965847
vn 0.372726 0.742216 0.556947
vn 0.633166 0.610860 0.475343
vn 0.699639 0.676574 0.229683
vn 0.282481 0.541370 0.791911
vn 0.496904 0.477664 0.724516
vn 0.115262 0.271854 0.955411
vn 0.209684 0.227050 0.951042
vn 0.021190 -0.140398 0.989868
vn 0.079808 0.808626 0.582885
vn 0.057250 0.580067 0.812555
vn 0.029413 0.298015 0.954108
vn 0.079808 0.808625 0.582885
vn 0.057250 0.580066 0.812555
vn 0.029413 0.298015 0.954108
vn 0.079808 0.808625 0.582886
vn 0.057250 0.580066 0.812555
vn 0.029413 0.298015 0.954108
vn 0.079808 0.808626 0.582885
vn 0.057250 0.580066 0.812555
vn 0.029413 0.298015 0.954108
vn 0.120792 0.824640 0.552610
vn 0.117087 0.605639 0.787078
vn 0.101114 0.315757 0.943437
vn 0.659874 0.751376 0.000000
vn 0.631708 0.774214 0.039211
vn 0.865875 0.500260 0.000000
vn 0.843599 0.533936 0.057036
vn 0.978907 0.204304 0.000000
vn 0.970627 0.230228 0.069838
vn 0.865875 0.500260 0.000000
vn 0.631708 0.774214 -0.039211
vn 0.843599 0.533936 -0.057036
vn 0.970627 0.230228 -0.069838
vn 0.079808 0.808626 -0.582885
vn 0.120792 0.824640 -0.552610
vn 0.057250 0.580066 -0.812555
vn 0.117087 0.605639 -0.787078
vn 0.029413 0.298015 -0.954108
vn 0.101114 0.315757 -0.943437
vn 0.079808 0.808625 -0.582886
vn 0.057250 0.580066 -0.812555
vn 0.029413 0.298015 -0.954108
vn 0.079808 0.808625 -0.582886
vn 0.057250 0.580066 -0.812555
vn 0.029413 0.298015 -0.954108
vn 0.079808 0.808626 -0.582885
vn 0.057250 0.580067 -0.812555
vn 0.372726 0.742216 -0.556947
vn 0.282481 0.541370 -0.791911
vn 0.115262 0.271854 -0.955411
vn 0.701406 0.678281 -0.219008
vn 0.340964 0.760237 -0.552976
vn 0.637647 0.615182 -0.463636
vn 0.700796 0.677692 -0.222754
vn 0.263932 0.556115 -0.788084
vn 0.505069 0.485510 -0.713572
vn 0.109315 0.222977 -0.968675
vn 0.215932 0.211939 -0.953129
vn 0.022345 -0.164923 -0.986053
vn -0.039213 0.832517 -0.552611
vn -0.057018 0.614398 -0.786933
vn -0.071484 0.249074 -0.965843
vn -0.582884 0.812555 0.000000
vn -0.552610 0.832517 -0.039212
vn -0.812555 0.582884 0.000000
vn -0.786935 0.614396 -0.057016
vn -0.552610 0.832517 0.039212
vn -0.786935 0.614396 0.057016
vn -0.812556 0.582884 0.000000
vn -0.284368 0.292614 -0.912969
vn -0.214081 0.682678 -0.698656
vn -0.292137 -0.208206 -0.933438
vn -0.283531 -0.314085 -0.906069
vn -0.952477 -0.174780 0.249478
vn -0.928572 -0.281799 0.241542
vn 0.905452 -0.313382 0.286266
vn 0.942191 -0.157998 0.295488
vn 0.167783 -0.828301 -0.534572
vn 0.269659 -0.434892 -0.859158
vn 0.326289 -0.828639 -0.454855
vn 0.524747 -0.435350 -0.731513
vn 0.454854 -0.828640 -0.326288
vn 0.731512 -0.435350 -0.524748
vn 0.271545 -0.332976 -0.902989
vn 0.292867 -0.147801 -0.944661
vn 0.534570 -0.828302 -0.167783
vn 0.859158 -0.434892 -0.269659
vn 0.562286 -0.825876 -0.041998
vn -0.911654 -0.295864 -0.285221
vn -0.937138 -0.189424 -0.293070
vn 0.899547 -0.431625 -0.067188
vn -0.231068 0.970462 0.069367
vn 0.325268 0.943074 0.069366
vn 0.164348 0.958956 -0.231068
vn -0.231068 0.970461 -0.069367
vn -0.467863 0.872407 0.141459
vn -0.698658 0.682677 0.214079
vn -0.912607 0.292719 0.285420
vn 0.551288 0.822235 0.141458
vn 0.762743 0.610179 0.214254
vn 0.915211 0.294786 0.274756
vn 0.226461 0.854294 -0.467864
vn 0.280218 0.657802 -0.699124
vn 0.310261 0.353819 -0.882355
vn -0.467863 0.872407 -0.141459
vn -0.698657 0.682677 -0.214079
vn -0.913021 0.292600 -0.284214
vn -0.550534 -0.327357 -0.767951
vn -0.568258 -0.221185 -0.792565
vn -0.793878 -0.214838 -0.568860
vn -0.769730 -0.321218 -0.551665
vn -0.550776 0.324195 -0.769119
vn -0.769212 0.324191 -0.550648
vn -0.822480 -0.206648 0.529927
vn -0.799072 -0.313515 0.513022
vn -0.581401 -0.326803 0.745100
vn -0.599175 -0.220355 0.769697
vn -0.301896 -0.316517 0.899264
vn -0.310656 -0.210503 0.926921
vn 0.760165 -0.341333 0.552848
vn 0.800551 -0.166036 0.575805
vn 0.538556 -0.347678 0.767514
vn 0.573021 -0.162163 0.803337
vn 0.271544 -0.332963 0.902995
vn 0.292864 -0.147793 0.944663
vn -0.562286 -0.825876 -0.041998
vn -0.534570 -0.828301 -0.167783
vn -0.899547 -0.431625 -0.067188
vn -0.859158 -0.434892 -0.269659
vn -0.454854 -0.828640 -0.326288
vn -0.731512 -0.435350 -0.524748
vn -0.326289 -0.828639 -0.454855
vn -0.524747 -0.435350 -0.731513
vn -0.167783 -0.828301 -0.534571
vn -0.269659 -0.434892 -0.859158
vn -0.041998 -0.825875 -0.562287
vn -0.067189 -0.431625 -0.899547
vn 0.000000 -0.987897 0.155109
vn 0.020609 -0.272705 -0.961877
vn 0.538557 -0.347701 -0.767503
vn 0.573027 -0.162173 -0.803330
vn 0.760163 -0.341349 -0.552841
vn 0.800554 -0.166038 -0.575800
vn 0.942191 -0.157998 -0.295486
vn 0.905451 -0.313389 -0.286264
vn -0.175627 0.976512 0.124814
vn -0.124813 0.976513 0.175627
vn -0.069368 0.970462 0.231068
vn 0.270689 0.954541 0.124813
vn 0.220121 0.959532 0.175626
vn 0.164349 0.958956 0.231068
vn 0.220121 0.959532 -0.175626
vn 0.270689 0.954542 -0.124813
vn 0.325268 0.943074 -0.069366
vn -0.175627 0.976513 -0.124814
vn -0.124813 0.976513 -0.175627
vn -0.069368 0.970462 -0.231068
vn -0.361592 0.896134 0.257285
vn -0.257285 0.896133 0.361593
vn -0.141459 0.872407 0.467863
vn -0.558622 0.727414 0.398510
vn -0.398510 0.727414 0.558623
vn -0.214081 0.682678 0.698656
vn -0.768535 0.324257 0.551554
vn -0.550167 0.324215 0.769546
vn -0.284071 0.292613 0.913061
vn 0.447862 0.856285 0.257285
vn 0.344057 0.866530 0.361593
vn 0.226461 0.854294 0.467864
vn 0.627914 0.668242 0.398969
vn 0.468414 0.683984 0.559244
vn 0.280218 0.657802 0.699124
vn 0.773600 0.351529 0.527229
vn 0.565392 0.371697 0.736324
vn 0.310262 0.353813 0.882357
vn 0.344057 0.866530 -0.361593
vn 0.447862 0.856285 -0.257285
vn 0.551288 0.822235 -0.141458
vn 0.468414 0.683984 -0.559244
vn 0.627914 0.668243 -0.398969
vn 0.762743 0.610179 -0.214254
vn 0.565390 0.371711 -0.736319
vn 0.773596 0.351544 -0.527225
vn 0.915209 0.294792 -0.274755
vn -0.361592 0.896134 -0.257285
vn -0.257285 0.896133 -0.361593
vn -0.141459 0.872407 -0.467863
vn -0.558621 0.727415 -0.398510
vn -0.398509 0.727414 -0.558623
vn 0.207259 0.227205 -0.951536
vn 0.496887 0.477658 -0.724531
vn 0.633159 0.610859 -0.475353
vn 0.261522 0.965197 0.000000
vn 0.261522 0.965198 0.000000
vn 0.637653 0.615182 0.463626
vn 0.505086 0.485516 0.713556
vn 0.218360 0.211786 0.952610
vn 0.718450 0.695578 0.000000
vn 0.570943 0.820989 0.000016
vn 0.120451 0.115283 0.986003
vn -0.950545 0.310586 -0.000000
vn -0.880338 0.474347 -0.000228
vn -0.879848 0.475256 0.000009
vn -0.950545 0.310586 -0.000000
vn 0.999985 0.005495 -0.000000
vn 0.997509 0.070539 -0.000012
vn 0.976896 0.046783 0.208533
vn 0.999985 0.005495 0.000000
vn -0.879356 0.476166 0.000246
vn -0.950545 0.310586 0.000000
vn 0.119141 0.113905 -0.986322
vn 0.999985 0.005495 -0.000000
vn 0.977382 0.048444 -0.205860
vn 0.864500 0.310642 0.395147
vn 0.851058 0.492245 0.182743
vn 0.815775 0.517182 0.258909
vn 0.866651 0.310411 -0.390591
vn 0.819347 0.515425 -0.251012
vn 0.848795 0.495422 -0.184673
vn 0.017357 0.796884 0.603883
vn 0.309357 0.819920 0.481695
vn 0.204557 0.879763 0.429155
vn 0.197700 0.882858 -0.426000
vn 0.308856 0.819506 -0.482719
vn 0.018593 0.802618 -0.596203
vn 0.952785 0.225862 -0.202946
vn 0.968549 0.248824 -0.000032
vn 0.953548 0.223977 0.201445
vn 0.628624 0.316121 0.710562
vn 0.340465 0.498150 0.797452
vn 0.344487 0.498034 -0.795796
vn 0.635064 0.315740 -0.704984
vn -0.424166 0.888589 0.174621
vn -0.543434 0.839452 0.000021
vn -0.424960 0.889745 -0.166621
vn 0.875426 0.478054 0.071369
vn 0.718491 0.575813 0.390141
vn 0.723951 0.573674 -0.383135
vn 0.873253 0.481470 -0.074930
vn 0.512688 0.703260 0.492520
vn 0.129152 0.971391 0.199299
vn -0.619887 0.323021 0.715113
vn 0.515145 0.702849 -0.490539
vn 0.123651 0.973232 -0.193726
vn -0.618384 0.325335 -0.715369
vn 0.882282 0.470721 -0.000033
vn 0.080305 0.996770 0.000029
# 500 normals

vt 0.062500 0.377596 0.000000
vt 0.002476 0.377596 0.000000
vt 0.002476 0.540586 0.000000
vt 0.062500 0.617415 0.000000
vt 0.002837 0.617415 0.000000
vt 0.285714 0.687500 0.000000
vt 0.261021 0.630547 0.000000
vt 0.256770 0.634029 0.000000
vt 0.256770 0.687500 0.000000
vt 0.285714 0.630547 0.000000
vt 0.259772 0.630700 0.000000
vt 0.256958 0.633006 0.000000
vt 0.258551 0.631195 0.000000
vt 0.257562 0.632005 0.000000
vt 0.488933 0.630547 0.000000
vt 0.464359 0.630547 0.000000
vt 0.464359 0.687500 0.000000
vt 0.493163 0.634029 0.000000
vt 0.493163 0.687500 0.000000
vt 0.492976 0.633006 0.000000
vt 0.490176 0.630700 0.000000
vt 0.492376 0.632005 0.000000
vt 0.491391 0.631195 0.000000
vt 0.256770 0.865971 0.000000
vt 0.261021 0.869453 0.000000
vt 0.285714 0.812500 0.000000
vt 0.256770 0.812500 0.000000
vt 0.256958 0.866994 0.000000
vt 0.259772 0.869300 0.000000
vt 0.257562 0.867995 0.000000
vt 0.258551 0.868805 0.000000
vt 0.285714 0.869453 0.000000
vt 0.464359 0.812500 0.000000
vt 0.464359 0.869453 0.000000
vt 0.488933 0.869453 0.000000
vt 0.490176 0.869300 0.000000
vt 0.492976 0.866994 0.000000
vt 0.493163 0.865971 0.000000
vt 0.491391 0.868805 0.000000
vt 0.492376 0.867995 0.000000
vt 0.493163 0.812500 0.000000
vt 0.285714 0.187500 0.000000
vt 0.253144 0.126341 0.000000
vt 0.251636 0.127576 0.000000
vt 0.251636 0.187500 0.000000
vt 0.285714 0.126341 0.000000
vt 0.252630 0.126404 0.000000
vt 0.251714 0.127155 0.000000
vt 0.252233 0.126565 0.000000
vt 0.251910 0.126829 0.000000
vt 0.496856 0.126341 0.000000
vt 0.464286 0.126341 0.000000
vt 0.464286 0.187500 0.000000
vt 0.498364 0.127576 0.000000
vt 0.498364 0.187500 0.000000
vt 0.498286 0.127155 0.000000
vt 0.497370 0.126404 0.000000
vt 0.498090 0.126829 0.000000
vt 0.497767 0.126565 0.000000
vt 0.251636 0.372424 0.000000
vt 0.253144 0.373659 0.000000
vt 0.285714 0.312500 0.000000
vt 0.251636 0.312500 0.000000
vt 0.251714 0.372845 0.000000
vt 0.252630 0.373596 0.000000
vt 0.251910 0.373171 0.000000
vt 0.252233 0.373435 0.000000
vt 0.285714 0.373659 0.000000
vt 0.464286 0.312500 0.000000
vt 0.464286 0.373659 0.000000
vt 0.496856 0.373659 0.000000
vt 0.497370 0.373596 0.000000
vt 0.498286 0.372845 0.000000
vt 0.498364 0.372424 0.000000
vt 0.497767 0.373435 0.000000
vt 0.498090 0.373171 0.000000
vt 0.498364 0.312500 0.000000
vt 0.247519 0.543525 0.000000
vt 0.247524 0.377596 0.000000
vt 0.187500 0.377596 0.000000
vt 0.187500 0.617415 0.000000
vt 0.247163 0.617415 0.000000
vt 0.297635 0.686939 0.000000
vt 0.297159 0.687500 0.000000
vt 0.297397 0.687219 0.000000
vt 0.297874 0.686658 0.000000
vt 0.297874 0.630547 0.000000
vt 0.297635 0.813061 0.000000
vt 0.297874 0.813342 0.000000
vt 0.297874 0.869453 0.000000
vt 0.297397 0.812781 0.000000
vt 0.297159 0.812500 0.000000
vt 0.322193 0.869453 0.000000
vt 0.314325 0.813061 0.000000
vt 0.314086 0.813342 0.000000
vt 0.314086 0.869453 0.000000
vt 0.322193 0.812500 0.000000
vt 0.314801 0.812500 0.000000
vt 0.314563 0.812781 0.000000
vt 0.314563 0.687219 0.000000
vt 0.314801 0.687500 0.000000
vt 0.322193 0.687500 0.000000
vt 0.314325 0.686939 0.000000
vt 0.322193 0.630547 0.000000
vt 0.314086 0.686658 0.000000
vt 0.314086 0.630547 0.000000
vt 0.125000 0.617415 0.000000
vt 0.125000 0.377596 0.000000
vt 0.285714 0.377596 0.000000
vt 0.253022 0.377596 0.000000
vt 0.253022 0.540601 0.000000
vt 0.285714 0.540601 0.000000
vt 0.297652 0.545247 0.000000
vt 0.297619 0.377596 0.000000
vt 0.321429 0.377596 0.000000
vt 0.321528 0.554539 0.000000
vt 0.357069 0.548974 0.000000
vt 0.357143 0.377596 0.000000
vt 0.392857 0.377596 0.000000
vt 0.392611 0.543409 0.000000
vt 0.428153 0.537845 0.000000
vt 0.428571 0.377596 0.000000
vt 0.464286 0.377596 0.000000
vt 0.463694 0.532280 0.000000
vt 0.496192 0.527192 0.000000
vt 0.496978 0.377596 0.000000
vt 0.313492 0.376326 0.000000
vt 0.313492 0.377596 0.000000
vt 0.321429 0.376326 0.000000
vt 0.313492 0.374315 0.000000
vt 0.313492 0.374829 0.000000
vt 0.321429 0.374829 0.000000
vt 0.321429 0.374315 0.000000
vt 0.297619 0.376326 0.000000
vt 0.297619 0.374315 0.000000
vt 0.297619 0.374829 0.000000
vt 0.297619 0.125685 0.000000
vt 0.297619 0.126341 0.000000
vt 0.313492 0.126341 0.000000
vt 0.313492 0.125685 0.000000
vt 0.297619 0.125171 0.000000
vt 0.313492 0.125171 0.000000
vt 0.285714 0.125685 0.000000
vt 0.285714 0.125171 0.000000
vt 0.125000 0.376326 0.000000
vt 0.187500 0.376326 0.000000
vt 0.250836 0.250000 0.000000
vt 0.250209 0.250000 0.000000
vt 0.250209 0.312500 0.000000
vt 0.250836 0.312500 0.000000
vt 0.062500 0.376326 0.000000
vt 0.250836 0.187500 0.000000
vt 0.250209 0.187500 0.000000
vt 0.928571 0.376326 0.000000
vt 0.928571 0.377596 0.000000
vt 0.936508 0.377596 0.000000
vt 0.936508 0.376326 0.000000
vt 0.321429 0.125685 0.000000
vt 0.321429 0.125171 0.000000
vt 0.892857 0.376326 0.000000
vt 0.892857 0.377596 0.000000
vt 0.357143 0.125685 0.000000
vt 0.357143 0.125171 0.000000
vt 0.857143 0.376326 0.000000
vt 0.857143 0.377596 0.000000
vt 0.392857 0.125685 0.000000
vt 0.392857 0.125171 0.000000
vt 0.821429 0.376326 0.000000
vt 0.821429 0.377596 0.000000
vt 0.428571 0.125685 0.000000
vt 0.428571 0.125171 0.000000
vt 0.785714 0.376326 0.000000
vt 0.785714 0.377596 0.000000
vt 0.562500 0.377596 0.000000
vt 0.502476 0.377596 0.000000
vt 0.502490 0.526715 0.000000
vt 0.562500 0.526715 0.000000
vt 0.625000 0.526715 0.000000
vt 0.625000 0.377596 0.000000
vt 0.687500 0.526715 0.000000
vt 0.687500 0.377596 0.000000
vt 0.747510 0.526715 0.000000
vt 0.747524 0.377596 0.000000
vt 0.464286 0.125685 0.000000
vt 0.464286 0.125171 0.000000
vt 0.625000 0.376326 0.000000
vt 0.687500 0.376326 0.000000
vt 0.499164 0.250000 0.000000
vt 0.499791 0.250000 0.000000
vt 0.499791 0.187500 0.000000
vt 0.499164 0.187500 0.000000
vt 0.562500 0.376326 0.000000
vt 0.499164 0.312500 0.000000
vt 0.499791 0.312500 0.000000
vt 0.428571 0.376326 0.000000
vt 0.464286 0.376326 0.000000
vt 0.428571 0.374315 0.000000
vt 0.428571 0.374829 0.000000
vt 0.464286 0.374829 0.000000
vt 0.464286 0.374315 0.000000
vt 0.392857 0.376326 0.000000
vt 0.392857 0.374315 0.000000
vt 0.392857 0.374829 0.000000
vt 0.357143 0.376326 0.000000
vt 0.357143 0.374315 0.000000
vt 0.357143 0.374829 0.000000
vt 0.753022 0.377596 0.000000
vt 0.753808 0.527192 0.000000
vt 0.786306 0.532280 0.000000
vt 0.821847 0.537845 0.000000
vt 0.857389 0.543409 0.000000
vt 0.892931 0.548974 0.000000
vt 0.928472 0.554539 0.000000
vt 0.936431 0.551442 0.000000
vt 0.964286 0.377596 0.000000
vt 0.964286 0.540601 0.000000
vt 0.996978 0.540601 0.000000
vt 0.996978 0.377596 0.000000
vt 0.285714 0.376326 0.000000
vt 0.285714 0.374315 0.000000
vt 0.285714 0.374829 0.000000
vt 0.499164 0.372473 0.000000
vt 0.499791 0.372511 0.000000
vt 0.499059 0.373044 0.000000
vt 0.499665 0.373200 0.000000
vt 0.498749 0.373558 0.000000
vt 0.499265 0.373862 0.000000
vt 0.498240 0.373975 0.000000
vt 0.498611 0.374398 0.000000
vt 0.497612 0.374229 0.000000
vt 0.497802 0.374725 0.000000
vt 0.496915 0.374315 0.000000
vt 0.496962 0.374829 0.000000
vt 0.253085 0.374315 0.000000
vt 0.253038 0.374829 0.000000
vt 0.252388 0.374229 0.000000
vt 0.252198 0.374725 0.000000
vt 0.251760 0.373975 0.000000
vt 0.251389 0.374398 0.000000
vt 0.251251 0.373558 0.000000
vt 0.250735 0.373862 0.000000
vt 0.250941 0.373044 0.000000
vt 0.250335 0.373200 0.000000
vt 0.250836 0.372473 0.000000
vt 0.250209 0.372511 0.000000
vt 0.496915 0.125685 0.000000
vt 0.496962 0.125171 0.000000
vt 0.357734 0.687500 0.000000
vt 0.357734 0.630547 0.000000
vt 0.393276 0.687500 0.000000
vt 0.393276 0.630547 0.000000
vt 0.428818 0.687500 0.000000
vt 0.428818 0.630547 0.000000
vt 0.256770 0.750000 0.000000
vt 0.285714 0.750000 0.000000
vt 0.297159 0.750000 0.000000
vt 0.322193 0.750000 0.000000
vt 0.357734 0.750000 0.000000
vt 0.393276 0.750000 0.000000
vt 0.428818 0.750000 0.000000
vt 0.464359 0.750000 0.000000
vt 0.493163 0.750000 0.000000
vt 0.357734 0.812500 0.000000
vt 0.393276 0.812500 0.000000
vt 0.428818 0.812500 0.000000
vt 0.357734 0.869453 0.000000
vt 0.393276 0.869453 0.000000
vt 0.428818 0.869453 0.000000
vt 0.297619 0.187500 0.000000
vt 0.321429 0.126341 0.000000
vt 0.321429 0.187500 0.000000
vt 0.357143 0.187500 0.000000
vt 0.357143 0.126341 0.000000
vt 0.392857 0.187500 0.000000
vt 0.392857 0.126341 0.000000
vt 0.428571 0.187500 0.000000
vt 0.428571 0.126341 0.000000
vt 0.251636 0.250000 0.000000
vt 0.285714 0.250000 0.000000
vt 0.297619 0.250000 0.000000
vt 0.321429 0.250000 0.000000
vt 0.357143 0.250000 0.000000
vt 0.392857 0.250000 0.000000
vt 0.428571 0.250000 0.000000
vt 0.464286 0.250000 0.000000
vt 0.498364 0.250000 0.000000
vt 0.297619 0.312500 0.000000
vt 0.321429 0.312500 0.000000
vt 0.357143 0.312500 0.000000
vt 0.392857 0.312500 0.000000
vt 0.428571 0.312500 0.000000
vt 0.297619 0.373659 0.000000
vt 0.321429 0.373659 0.000000
vt 0.357143 0.373659 0.000000
vt 0.392857 0.373659 0.000000
vt 0.428571 0.373659 0.000000
vt 0.285714 0.628917 0.000000
vt 0.258936 0.628917 0.000000
vt 0.297864 0.628917 0.000000
vt 0.357705 0.628917 0.000000
vt 0.322163 0.628917 0.000000
vt 0.393247 0.628917 0.000000
vt 0.428788 0.628917 0.000000
vt 0.464330 0.628917 0.000000
vt 0.490979 0.628917 0.000000
vt 0.495113 0.687500 0.000000
vt 0.495113 0.632321 0.000000
vt 0.495113 0.750000 0.000000
vt 0.495113 0.812500 0.000000
vt 0.495113 0.867679 0.000000
vt 0.464330 0.871083 0.000000
vt 0.490979 0.871083 0.000000
vt 0.428788 0.871083 0.000000
vt 0.393247 0.871083 0.000000
vt 0.357705 0.871083 0.000000
vt 0.322163 0.871083 0.000000
vt 0.314064 0.871083 0.000000
vt 0.258936 0.871083 0.000000
vt 0.285714 0.871083 0.000000
vt 0.254781 0.812500 0.000000
vt 0.254781 0.867679 0.000000
vt 0.254781 0.750000 0.000000
vt 0.254781 0.687500 0.000000
vt 0.254781 0.632321 0.000000
vt 0.285714 0.627324 0.000000
vt 0.256716 0.627324 0.000000
vt 0.285714 0.626033 0.000000
vt 0.254764 0.626033 0.000000
vt 0.285714 0.620501 0.000000
vt 0.285714 0.617415 0.000000
vt 0.253463 0.617415 0.000000
vt 0.254764 0.620501 0.000000
vt 0.322069 0.627324 0.000000
vt 0.313990 0.627324 0.000000
vt 0.314064 0.628917 0.000000
vt 0.321914 0.626033 0.000000
vt 0.313870 0.626033 0.000000
vt 0.321914 0.560750 0.000000
vt 0.321723 0.557679 0.000000
vt 0.313721 0.570954 0.000000
vt 0.313870 0.574028 0.000000
vt 0.313569 0.551442 0.000000
vt 0.357611 0.627324 0.000000
vt 0.357456 0.626033 0.000000
vt 0.357456 0.555185 0.000000
vt 0.357265 0.552115 0.000000
vt 0.393152 0.627324 0.000000
vt 0.392997 0.626033 0.000000
vt 0.392997 0.549621 0.000000
vt 0.392806 0.546550 0.000000
vt 0.428694 0.627324 0.000000
vt 0.428539 0.626033 0.000000
vt 0.428539 0.544056 0.000000
vt 0.428348 0.540985 0.000000
vt 0.464235 0.627324 0.000000
vt 0.464081 0.626033 0.000000
vt 0.464081 0.538491 0.000000
vt 0.463890 0.535420 0.000000
vt 0.493093 0.627324 0.000000
vt 0.494881 0.626033 0.000000
vt 0.494881 0.533669 0.000000
vt 0.495969 0.530398 0.000000
vt 0.496955 0.687500 0.000000
vt 0.496955 0.630502 0.000000
vt 0.498368 0.687500 0.000000
vt 0.498368 0.628903 0.000000
vt 0.562500 0.533123 0.000000
vt 0.562500 0.529902 0.000000
vt 0.502850 0.529902 0.000000
vt 0.503903 0.533123 0.000000
vt 0.496955 0.750000 0.000000
vt 0.498368 0.750000 0.000000
vt 0.625000 0.533123 0.000000
vt 0.625000 0.529902 0.000000
vt 0.496955 0.812500 0.000000
vt 0.498368 0.812500 0.000000
vt 0.687500 0.533123 0.000000
vt 0.687500 0.529902 0.000000
vt 0.496955 0.869498 0.000000
vt 0.498368 0.871097 0.000000
vt 0.746097 0.533123 0.000000
vt 0.747150 0.529902 0.000000
vt 0.464235 0.872677 0.000000
vt 0.493093 0.872677 0.000000
vt 0.464081 0.873967 0.000000
vt 0.494881 0.873967 0.000000
vt 0.785919 0.538491 0.000000
vt 0.786110 0.535420 0.000000
vt 0.754031 0.530398 0.000000
vt 0.755119 0.533669 0.000000
vt 0.428694 0.872677 0.000000
vt 0.428539 0.873967 0.000000
vt 0.821461 0.544056 0.000000
vt 0.821652 0.540985 0.000000
vt 0.393152 0.872677 0.000000
vt 0.392997 0.873967 0.000000
vt 0.857003 0.549621 0.000000
vt 0.857194 0.546550 0.000000
vt 0.357611 0.872677 0.000000
vt 0.357456 0.873967 0.000000
vt 0.892544 0.555185 0.000000
vt 0.892735 0.552115 0.000000
vt 0.322069 0.872677 0.000000
vt 0.321914 0.873967 0.000000
vt 0.928086 0.560750 0.000000
vt 0.928277 0.557679 0.000000
vt 0.285714 0.872677 0.000000
vt 0.297832 0.872677 0.000000
vt 0.297864 0.871083 0.000000
vt 0.285714 0.873967 0.000000
vt 0.297781 0.873967 0.000000
vt 0.964286 0.620501 0.000000
vt 0.964286 0.617415 0.000000
vt 0.952283 0.597503 0.000000
vt 0.952219 0.600584 0.000000
vt 0.952348 0.545247 0.000000
vt 0.256716 0.872677 0.000000
vt 0.254764 0.873967 0.000000
vt 0.995236 0.620501 0.000000
vt 0.996537 0.617415 0.000000
vt 0.252836 0.812500 0.000000
vt 0.252836 0.869498 0.000000
vt 0.251260 0.812500 0.000000
vt 0.251260 0.871097 0.000000
vt 0.062500 0.620501 0.000000
vt 0.003903 0.620501 0.000000
vt 0.252836 0.630502 0.000000
vt 0.251260 0.628903 0.000000
vt 0.251260 0.687500 0.000000
vt 0.252836 0.687500 0.000000
vt 0.252836 0.750000 0.000000
vt 0.251260 0.750000 0.000000
vt 0.125000 0.620501 0.000000
vt 0.252533 0.874641 0.000000
vt 0.253463 0.874755 0.000000
vt 0.253735 0.873841 0.000000
vt 0.187500 0.620501 0.000000
vt 0.246097 0.620501 0.000000
vt 0.997865 0.540600 0.000000
vt 0.997866 0.377596 0.000000
vt 0.997467 0.617415 0.000000
vt 0.248248 0.542666 0.000000
vt 0.248252 0.377596 0.000000
vt 0.501749 0.377596 0.000000
vt 0.501758 0.526736 0.000000
vt 0.497612 0.125771 0.000000
vt 0.497802 0.125275 0.000000
vt 0.498240 0.126025 0.000000
vt 0.498611 0.125602 0.000000
vt 0.498749 0.126442 0.000000
vt 0.499265 0.126138 0.000000
vt 0.752134 0.377596 0.000000
vt 0.752914 0.527052 0.000000
vt 0.499059 0.126956 0.000000
vt 0.499665 0.126800 0.000000
vt 0.499164 0.127527 0.000000
vt 0.001748 0.377596 0.000000
vt 0.001749 0.540591 0.000000
vt 0.499791 0.127489 0.000000
vt 0.254965 0.631321 0.000000
vt 0.494931 0.631321 0.000000
vt 0.492194 0.870933 0.000000
vt 0.254965 0.868679 0.000000
vt 0.253007 0.629568 0.000000
vt 0.251415 0.628060 0.000000
vt 0.246940 0.620501 0.000000
vt 0.247925 0.617415 0.000000
vt 0.496784 0.629568 0.000000
vt 0.498214 0.628060 0.000000
vt 0.502085 0.529924 0.000000
vt 0.503060 0.533147 0.000000
vt 0.494228 0.872536 0.000000
vt 0.495906 0.873841 0.000000
vt 0.495969 0.874755 0.000000
vt 0.496899 0.874640 0.000000
vt 0.753101 0.530252 0.000000
vt 0.253007 0.870432 0.000000
vt 0.251415 0.871940 0.000000
vt 0.002075 0.617415 0.000000
vt 0.003060 0.620501 0.000000
vt 0.998734 0.377596 0.000000
vt 0.998734 0.540598 0.000000
vt 0.000461 0.540598 0.000000
vt 0.001037 0.540595 0.000000
vt 0.001037 0.377596 0.000000
vt 0.000461 0.377596 0.000000
vt 0.998376 0.617415 0.000000
vt 0.000727 0.617415 0.000000
vt 0.001331 0.617415 0.000000
vt 0.248961 0.541826 0.000000
vt 0.248963 0.377596 0.000000
vt 0.249539 0.377596 0.000000
vt 0.249538 0.541145 0.000000
vt 0.252134 0.377596 0.000000
vt 0.251266 0.377596 0.000000
vt 0.251266 0.541145 0.000000
vt 0.252134 0.540730 0.000000
vt 0.501037 0.377596 0.000000
vt 0.501043 0.526804 0.000000
vt 0.500461 0.377596 0.000000
vt 0.500463 0.526915 0.000000
vt 0.498734 0.377596 0.000000
vt 0.497866 0.377596 0.000000
vt 0.497086 0.527052 0.000000
vt 0.497961 0.526915 0.000000
vt 0.250836 0.127527 0.000000
vt 0.250941 0.126956 0.000000
vt 0.250209 0.127489 0.000000
vt 0.250335 0.126800 0.000000
vt 0.251251 0.126442 0.000000
vt 0.250735 0.126138 0.000000
vt 0.251760 0.126025 0.000000
vt 0.251389 0.125602 0.000000
vt 0.252388 0.125771 0.000000
vt 0.252198 0.125275 0.000000
vt 0.253085 0.125685 0.000000
vt 0.253038 0.125171 0.000000
vt 0.313492 0.373659 0.000000
vt 0.952381 0.377596 0.000000
vt 0.952381 0.376326 0.000000
vt 0.964286 0.376326 0.000000
vt 0.751266 0.377596 0.000000
vt 0.752039 0.526915 0.000000
vt 0.749539 0.377596 0.000000
vt 0.748963 0.377596 0.000000
vt 0.748957 0.526804 0.000000
vt 0.749537 0.526915 0.000000
vt 0.748242 0.526736 0.000000
vt 0.748251 0.377596 0.000000
vt 0.502489 0.376326 0.000000
vt 0.501800 0.376326 0.000000
vt 0.501138 0.376326 0.000000
vt 0.500602 0.376326 0.000000
vt 0.498611 0.376326 0.000000
vt 0.497802 0.376326 0.000000
vt 0.496962 0.376326 0.000000
vt 0.253038 0.376326 0.000000
vt 0.252198 0.376326 0.000000
vt 0.251389 0.376326 0.000000
vt 0.249398 0.376326 0.000000
vt 0.248862 0.376326 0.000000
vt 0.248200 0.376326 0.000000
vt 0.247511 0.376326 0.000000
vt 0.753038 0.376326 0.000000
vt 0.752198 0.376326 0.000000
vt 0.255555 0.630343 0.000000
vt 0.256522 0.629551 0.000000
vt 0.257715 0.629067 0.000000
vt 0.494344 0.630343 0.000000
vt 0.493381 0.629551 0.000000
vt 0.492194 0.629067 0.000000
vt 0.493381 0.870449 0.000000
vt 0.494344 0.869657 0.000000
vt 0.494931 0.868679 0.000000
vt 0.255555 0.869657 0.000000
vt 0.256522 0.870449 0.000000
vt 0.257715 0.870933 0.000000
vt 0.253558 0.628655 0.000000
vt 0.254461 0.627915 0.000000
vt 0.255576 0.627464 0.000000
vt 0.251913 0.627235 0.000000
vt 0.252728 0.626567 0.000000
vt 0.253735 0.626159 0.000000
vt 0.250888 0.626331 0.000000
vt 0.250438 0.627075 0.000000
vt 0.251624 0.625727 0.000000
vt 0.252533 0.625359 0.000000
vt 0.253463 0.625245 0.000000
vt 0.248669 0.617415 0.000000
vt 0.249273 0.617415 0.000000
vt 0.251624 0.617415 0.000000
vt 0.252533 0.617415 0.000000
vt 0.496236 0.628655 0.000000
vt 0.495337 0.627915 0.000000
vt 0.494228 0.627464 0.000000
vt 0.497719 0.627235 0.000000
vt 0.496907 0.626567 0.000000
vt 0.495906 0.626159 0.000000
vt 0.498994 0.627085 0.000000
vt 0.498545 0.626336 0.000000
vt 0.497808 0.625730 0.000000
vt 0.496899 0.625360 0.000000
vt 0.495969 0.625245 0.000000
vt 0.501336 0.529994 0.000000
vt 0.500730 0.530110 0.000000
vt 0.496899 0.530252 0.000000
vt 0.497808 0.530110 0.000000
vt 0.495337 0.872085 0.000000
vt 0.496236 0.871345 0.000000
vt 0.496784 0.870432 0.000000
vt 0.496907 0.873433 0.000000
vt 0.497719 0.872765 0.000000
vt 0.498214 0.871940 0.000000
vt 0.497808 0.874270 0.000000
vt 0.498545 0.873664 0.000000
vt 0.498994 0.872915 0.000000
vt 0.747915 0.529924 0.000000
vt 0.746940 0.533147 0.000000
vt 0.752192 0.530110 0.000000
vt 0.748664 0.529994 0.000000
vt 0.749270 0.530110 0.000000
vt 0.253558 0.871345 0.000000
vt 0.254461 0.872085 0.000000
vt 0.255576 0.872536 0.000000
vt 0.251913 0.872765 0.000000
vt 0.252728 0.873433 0.000000
vt 0.250438 0.872925 0.000000
vt 0.250888 0.873669 0.000000
vt 0.251624 0.874273 0.000000
vt 0.313492 0.250000 0.000000
vt 0.313492 0.187500 0.000000
vt 0.751389 0.376326 0.000000
vt 0.749398 0.376326 0.000000
vt 0.748862 0.376326 0.000000
vt 0.748200 0.376326 0.000000
vt 0.936279 0.570954 0.000000
vt 0.936130 0.574028 0.000000
vt 0.313870 0.873967 0.000000
vt 0.313990 0.872677 0.000000
vt 0.228798 0.812191 0.000000
vt 0.242624 0.812191 0.000000
vt 0.242624 0.749691 0.000000
vt 0.228798 0.749691 0.000000
vt 0.242624 0.687191 0.000000
vt 0.228798 0.687191 0.000000
vt 0.297832 0.627324 0.000000
vt 0.297781 0.626033 0.000000
vt 0.297717 0.597503 0.000000
vt 0.297781 0.600584 0.000000
vt 0.747511 0.376326 0.000000
vt 0.002489 0.376326 0.000000
vt 0.001800 0.376326 0.000000
vt 0.313492 0.312500 0.000000
vt 0.001138 0.376326 0.000000
vt 0.000602 0.376326 0.000000
vt 0.998611 0.376326 0.000000
vt 0.997802 0.376326 0.000000
vt 0.314801 0.750000 0.000000
vt 0.996962 0.376326 0.000000
vt 0.213284 0.653687 0.000000
vt 0.213181 0.683372 0.000000
vt 0.229047 0.657149 0.000000
vt 0.227110 0.647744 0.000000
vt 0.224029 0.686708 0.000000
vt 0.214624 0.686731 0.000000
vt 0.214673 0.749231 0.000000
vt 0.224179 0.749208 0.000000
vt 0.625000 0.573397 0.000000
vt 0.625000 0.603445 0.000000
vt 0.687500 0.603082 0.000000
vt 0.687500 0.573397 0.000000
vt 0.214925 0.811731 0.000000
vt 0.224330 0.811708 0.000000
vt 0.191346 0.647184 0.000000
vt 0.189409 0.656589 0.000000
vt 0.205275 0.682812 0.000000
vt 0.205172 0.653127 0.000000
vt 0.562500 0.573397 0.000000
vt 0.562500 0.603082 0.000000
vt 0.687484 0.604230 0.000000
vt 0.687531 0.605434 0.000000
vt 0.687883 0.604966 0.000000
vt 0.562509 0.604261 0.000000
vt 0.562125 0.604973 0.000000
vt 0.562463 0.605427 0.000000
vt 0.313954 0.812533 0.000000
vt 0.314125 0.812921 0.000000
vt 0.314417 0.812583 0.000000
vt 0.314419 0.687416 0.000000
vt 0.314125 0.687075 0.000000
vt 0.313953 0.687467 0.000000
vt 0.562799 0.604198 0.000000
vt 0.625000 0.604462 0.000000
vt 0.687157 0.604168 0.000000
vt 0.313746 0.576859 0.000000
vt 0.297881 0.603082 0.000000
vt 0.298127 0.603629 0.000000
vt 0.313706 0.577843 0.000000
vt 0.952119 0.603082 0.000000
vt 0.936254 0.576859 0.000000
vt 0.936303 0.577847 0.000000
vt 0.951902 0.603701 0.000000
vt 0.313767 0.750000 0.000000
vt 0.313746 0.812500 0.000000
vt 0.313987 0.812307 0.000000
vt 0.314007 0.750000 0.000000
vt 0.313746 0.687500 0.000000
vt 0.313986 0.687700 0.000000
vt 0.687157 0.605435 0.000000
vt 0.297835 0.812883 0.000000
vt 0.297544 0.812531 0.000000
vt 0.687610 0.603629 0.000000
vt 0.687938 0.604407 0.000000
vt 0.297874 0.604230 0.000000
vt 0.297782 0.604168 0.000000
vt 0.297493 0.812157 0.000000
vt 0.298125 0.812938 0.000000
vt 0.298095 0.687072 0.000000
vt 0.297833 0.687125 0.000000
vt 0.297873 0.687509 0.000000
vt 0.298098 0.687393 0.000000
vt 0.297553 0.687463 0.000000
vt 0.562799 0.605423 0.000000
vt 0.562393 0.603701 0.000000
vt 0.297506 0.687799 0.000000
vt 0.313855 0.812992 0.000000
vt 0.313706 0.812623 0.000000
vt 0.314475 0.812307 0.000000
vt 0.062467 0.577632 0.000000
vt 0.062693 0.577311 0.000000
vt 0.062500 0.576859 0.000000
vt 0.062377 0.577843 0.000000
vt 0.313697 0.687376 0.000000
vt 0.313848 0.687004 0.000000
vt 0.314478 0.687700 0.000000
vt 0.936047 0.577624 0.000000
vt 0.936014 0.577302 0.000000
vt 0.625000 0.605427 0.000000
vt 0.297546 0.750000 0.000000
vt 0.298127 0.812610 0.000000
vt 0.314446 0.750000 0.000000
# 721 texture coordinates

o Ateri2600.5
usemtl Mat.2_1
f 2119/661/508 2151/660/507 1809/663/510 2043/664/511 2073/662/509
f 2187/671/518 2188/673/520 2189/672/519 2190/670/517 2059/666/513 1914/669/516 1875/665/512 1954/668/515 2060/667/514
f 2064/674/521 2191/680/527 2192/682/529 2193/681/528 2194/679/526 2063/677/524 1928/678/525 1890/676/523 1924/675/522
f 1877/685/512 1946/691/536 2072/684/531 2207/688/533 2208/690/535 2209/689/534 2210/687/532 2071/683/530 1950/686/515
f 1932/700/545 2068/697/542 2199/696/541 2200/699/544 2201/698/543 2202/695/540 2067/694/539 1936/693/538 1892/692/537
f 2030/707/551 2026/709/553 2024/708/552 2022/706/550 2122/702/546 2154/705/549 1893/701/260 2152/704/548 2120/703/547
f 2128/710/554 2040/716/559 2038/718/561 2034/717/560 2032/715/558 2130/713/556 2174/714/557 1908/712/260 2172/711/555
f 1895/721/260 2267/727/569 2136/720/563 2118/724/566 2116/726/568 2102/725/567 2100/723/565 2138/719/562 2140/722/564
f 2182/736/577 2132/733/574 2058/732/573 2056/735/576 2054/734/575 2042/731/572 2134/730/571 2222/729/570 1910/728/260
f 2139/739/580 2137/738/579 2062/737/578 2076/741/582 1769/740/581
f 2233/746/589 2282/745/588 2300/742/585 2301/744/587 2281/743/586 1875/665/584 1914/669/583
f 2277/751/596 2294/750/595 2295/747/590 2276/748/593 2229/749/594 1946/691/592 1877/685/591
f 2285/754/599 2306/753/598 2307/758/603 2284/757/602 1880/756/601 1944/752/597 2255/755/600
f 2310/759/604 2311/762/607 2290/764/609 2259/765/610 1916/763/608 1878/761/606 2291/760/605
f 2142/767/612 2139/739/580 1769/740/581 1789/766/611
f 2151/660/507 2142/767/612 1789/766/611 1809/663/510
f 1913/771/616 2061/770/615 2135/769/614 2266/768/613
f 1871/773/618 2238/772/617 1913/771/616 2266/768/613
f 2248/777/622 1917/776/621 1915/775/620 2265/774/619
f 1919/779/624 1917/776/621 2248/777/622 2241/778/623
f 2239/781/626 1921/780/625 1919/779/624 2241/778/623
f 1923/783/628 1921/780/625 2239/781/626 2221/782/627
f 2133/785/630 2065/784/629 1923/783/628 2221/782/627
f 2035/788/631 2265/774/619 1863/787/632 1775/786/631
f 2036/792/634 2035/791/631 1775/790/631 1770/789/633
f 1775/786/631 1863/787/632 1871/773/618 2112/793/635
f 1770/789/633 1775/790/631 2112/795/635 2111/794/634
f 1805/799/636 1866/798/637 1873/797/549 1785/796/636
f 1810/801/639 1805/799/636 1785/796/636 1780/800/638
f 1785/796/636 1873/797/549 2154/705/549 1848/802/640
f 1780/800/638 1785/796/636 1848/802/640 1847/803/639
f 1791/805/642 2139/739/580 2142/767/612 1795/804/641
f 1792/809/643 1791/808/642 1795/807/641 1790/806/643
f 1795/804/641 2142/767/612 2151/660/507 1852/810/644
f 1790/806/643 1795/807/641 1852/812/644 1851/811/643
f 1810/816/639 1867/815/646 2160/814/645 1825/813/638
f 1805/799/636 1810/801/639 1825/818/638 1815/817/647
f 1825/813/638 2160/814/645 2162/820/649 1835/819/648
f 1815/817/647 1825/818/638 1835/822/648 1830/821/636
f 1835/819/648 2162/820/649 2164/824/650 1845/823/639
f 1830/821/636 1835/822/648 1845/826/639 1840/825/636
f 1845/823/639 2164/824/650 2166/828/651 1860/827/639
f 1840/825/636 1845/826/639 1860/830/639 1850/829/636
f 1860/827/639 2166/828/651 2171/832/652 1796/831/638
f 1927/836/656 2066/835/655 2131/834/654 2181/833/653
f 2180/838/658 1929/837/657 1927/836/656 2181/833/653
f 2173/840/658 1931/839/656 1929/837/657 2180/838/658
f 2129/842/660 2069/841/659 1931/839/656 2173/840/658
f 1850/829/636 1860/830/639 1796/844/638 1793/843/636
f 1827/846/662 2173/840/658 2180/838/658 1870/845/661
f 1828/850/663 1827/849/662 1870/848/661 1865/847/663
f 1870/845/661 2180/838/658 2181/833/653 2114/851/664
f 1865/847/663 1870/848/661 2114/853/664 2113/852/663
f 2220/855/665 2221/782/627 2239/781/626 2020/854/635
f 2242/859/666 2220/858/665 2020/857/635 2019/856/634
f 2020/854/635 2239/781/626 2241/778/623 2028/860/667
f 2019/856/634 2020/857/635 2028/862/667 2027/861/634
f 2028/860/667 2241/778/623 2248/777/622 2052/863/635
f 2027/861/634 2028/862/667 2052/865/635 2051/864/634
f 2052/863/635 2248/777/622 2265/774/619 2035/788/631
f 1935/868/670 2070/867/669 2127/866/668 2171/832/652
f 2166/828/651 1937/869/671 1935/868/670 2171/832/652
f 1939/870/672 1937/869/671 2166/828/651 2164/824/650
f 2162/820/649 1941/871/673 1939/870/672 2164/824/650
f 2162/820/649 2160/814/645 1943/872/674 1941/871/673
f 1867/815/646 2250/873/675 1943/872/674 2160/814/645
f 2121/877/679 2074/876/678 1945/875/677 2153/874/676
f 2051/864/634 2052/865/635 2035/791/631 2036/792/634
f 2112/793/635 1871/773/618 2266/768/613 2268/878/631
f 2111/794/634 2112/795/635 2268/880/631 2246/879/634
f 2123/881/680 2132/733/574 2182/736/577 2113/852/663
f 2124/882/681 2123/881/680 2113/852/663 2114/853/664
f 2125/883/682 2058/732/573 2132/733/574 2123/881/680
f 2126/884/683 2125/883/682 2123/881/680 2124/882/681
f 2155/885/684 2056/735/576 2058/732/573 2125/883/682
f 2156/886/685 2155/885/684 2125/883/682 2126/884/683
f 2157/887/686 2054/734/575 2056/735/576 2155/885/684
f 2158/888/687 2157/887/686 2155/885/684 2156/886/685
f 2175/889/688 2042/731/572 2054/734/575 2157/887/686
f 2176/890/689 2175/889/688 2157/887/686 2158/888/687
f 2177/891/690 2134/730/571 2042/731/572 2175/889/688
f 2178/892/691 2177/891/690 2175/889/688 2176/890/689
f 2242/859/666 2222/729/570 2134/730/571 2177/891/690
f 2220/858/665 2242/859/666 2177/891/690 2178/892/691
f 1771/893/692 2136/720/563 2267/727/569 2246/879/634
f 1772/894/693 1771/893/692 2246/879/634 2268/880/631
f 1773/895/694 2118/724/566 2136/720/563 1771/893/692
f 1776/896/695 1773/895/694 1771/893/692 1772/894/693
f 1777/897/696 2116/726/568 2118/724/566 1773/895/694
f 1778/898/697 1777/897/696 1773/895/694 1776/896/695
f 1781/899/698 2102/725/567 2116/726/568 1777/897/696
f 1782/900/699 1781/899/698 1777/897/696 1778/898/697
f 1783/901/700 2100/723/565 2102/725/567 1781/899/698
f 1786/902/701 1783/901/700 1781/899/698 1782/900/699
f 1787/903/702 2138/719/562 2100/723/565 1783/901/700
f 1788/904/703 1787/903/702 1783/901/700 1786/902/701
f 1792/809/643 2140/722/564 2138/719/562 1787/903/702
f 1791/808/642 1792/809/643 1787/903/702 1788/904/703
f 1797/905/704 2128/710/554 2172/711/555 1793/843/636
f 1798/906/705 1797/905/704 1793/843/636 1796/844/638
f 1918/908/708 1881/907/707 1878/761/706 1916/763/608
f 1920/910/709 1884/909/707 1881/907/707 1918/908/708
f 1922/912/711 1887/911/710 1884/909/707 1920/910/709
f 1924/675/522 1890/676/523 1887/911/710 1922/912/711
f 1875/665/512 1876/914/512 1952/913/515 1954/668/515
f 2281/743/586 2279/915/713 1876/914/712 1875/665/584
f 1881/907/707 1882/917/710 1879/916/714 1878/761/706
f 1884/909/707 1885/918/710 1882/917/710 1881/907/707
f 1887/911/710 1888/919/710 1885/918/710 1884/909/707
f 1890/676/523 1891/920/715 1888/919/710 1887/911/710
f 1928/678/525 1930/921/716 1891/920/715 1890/676/523
f 1876/914/512 1877/685/512 1950/686/515 1952/913/515
f 2279/915/713 2277/751/596 1877/685/591 1876/914/712
f 1882/917/710 1883/922/717 1880/756/706 1879/916/714
f 1885/918/710 1886/923/718 1883/922/717 1882/917/710
f 1888/919/710 1889/924/717 1886/923/718 1885/918/710
f 1891/920/715 1892/692/537 1889/924/717 1888/919/710
f 1930/921/716 1932/700/545 1892/692/537 1891/920/715
f 1883/922/717 1942/925/719 1944/752/597 1880/756/706
f 1886/923/718 1940/926/720 1942/925/719 1883/922/717
f 1889/924/717 1938/927/721 1940/926/720 1886/923/718
f 1892/692/537 1936/693/538 1938/927/721 1889/924/717
f 1873/797/549 2219/928/260 1893/701/260 2154/705/549
f 2161/932/723 1899/931/260 1896/930/260 2159/929/722
f 2163/934/723 1902/933/260 1899/931/260 2161/932/723
f 2165/936/724 1905/935/260 1902/933/260 2163/934/723
f 2172/711/555 1908/712/260 1905/935/260 2165/936/724
f 1893/701/260 1894/938/260 2141/937/564 2152/704/548
f 2219/928/260 2218/939/260 1894/938/260 1893/701/260
f 1899/931/260 1900/941/260 1897/940/260 1896/930/260
f 1902/933/260 1903/942/260 1900/941/260 1899/931/260
f 1905/935/260 1906/943/260 1903/942/260 1902/933/260
f 1908/712/260 1909/944/260 1906/943/260 1905/935/260
f 2174/714/557 2179/945/557 1909/944/260 1908/712/260
f 1894/938/260 1895/721/260 2140/722/564 2141/937/564
f 2218/939/260 2243/946/260 1895/721/260 1894/938/260
f 1900/941/260 1901/948/260 1898/947/260 1897/940/260
f 1903/942/260 1904/949/260 1901/948/260 1900/941/260
f 1906/943/260 1907/950/260 1904/949/260 1903/942/260
f 1909/944/260 1910/728/260 1907/950/260 1906/943/260
f 2179/945/557 2182/736/577 1910/728/260 1909/944/260
f 2243/946/260 1868/951/569 2267/727/569 1895/721/260
f 1901/948/260 2247/953/726 2249/952/725 1898/947/260
f 1904/949/260 2240/954/726 2247/953/726 1901/948/260
f 1907/950/260 2223/955/727 2240/954/726 1904/949/260
f 1910/728/260 2222/729/570 2223/955/727 1907/950/260
f 2081/957/729 1959/956/728 1914/669/516 2059/666/513
f 1959/956/731 2234/958/730 2233/746/589 1914/669/583
f 1963/960/733 1967/959/732 1918/908/708 1916/763/608
f 1967/959/732 1971/961/734 1920/910/709 1918/908/708
f 1971/961/734 1975/962/735 1922/912/711 1920/910/709
f 1975/962/735 1979/963/736 1924/675/522 1922/912/711
f 1979/963/736 2083/964/737 2064/674/521 1924/675/522
f 2084/966/739 1987/965/738 1928/678/525 2063/677/524
f 1987/965/738 1991/967/738 1930/921/716 1928/678/525
f 1991/967/738 1995/968/740 1932/700/545 1930/921/716
f 1995/968/740 2091/969/741 2068/697/542 1932/700/545
f 2092/971/743 2003/970/742 1936/693/538 2067/694/539
f 2003/970/742 2007/972/744 1938/927/721 1936/693/538
f 2007/972/744 2011/973/745 1940/926/720 1938/927/721
f 2011/973/745 2015/974/746 1942/925/719 1940/926/720
f 2015/974/746 1949/975/747 1944/752/597 1942/925/719
f 1949/975/747 2254/976/748 2255/755/600 1944/752/597
f 1864/978/750 2049/977/749 2072/684/531 1946/691/536
f 2050/980/752 1824/979/751 1950/686/515 2071/683/530
f 1824/979/751 1804/981/751 1952/913/515 1950/686/515
f 1804/981/751 1784/982/751 1954/668/515 1952/913/515
f 1784/982/751 2082/983/753 2060/667/514 1954/668/515
f 2081/957/729 2079/985/755 1960/984/754 1959/956/728
f 2079/985/755 2077/987/757 1961/986/756 1960/984/754
f 2077/991/757 2075/990/759 1962/989/758 1961/988/756
f 2075/990/759 2061/770/615 1913/771/616 1962/989/758
f 2260/994/762 2261/993/761 1964/992/760 1963/960/733
f 2261/993/761 2262/996/764 1965/995/763 1964/992/760
f 2262/1000/764 2263/999/766 1966/998/765 1965/997/763
f 2263/999/766 2264/1001/767 1915/775/620 1966/998/765
f 1963/960/733 1964/992/760 1968/1002/768 1967/959/732
f 1964/992/760 1965/995/763 1969/1003/769 1968/1002/768
f 1965/997/763 1966/998/765 1970/1005/770 1969/1004/769
f 1966/998/765 1915/775/620 1917/776/621 1970/1005/770
f 1967/959/732 1968/1002/768 1972/1006/771 1971/961/734
f 1968/1002/768 1969/1003/769 1973/1007/772 1972/1006/771
f 1969/1004/769 1970/1005/770 1974/1009/773 1973/1008/772
f 1970/1005/770 1917/776/621 1919/779/624 1974/1009/773
f 1971/961/734 1972/1006/771 1976/1010/774 1975/962/735
f 1972/1006/771 1973/1007/772 1977/1011/775 1976/1010/774
f 1973/1008/772 1974/1009/773 1978/1013/776 1977/1012/775
f 1974/1009/773 1919/779/624 1921/780/625 1978/1013/776
f 1975/962/735 1976/1010/774 1980/1014/777 1979/963/736
f 1976/1010/774 1977/1011/775 1981/1015/778 1980/1014/777
f 1977/1012/775 1978/1013/776 1982/1017/779 1981/1016/778
f 1978/1013/776 1921/780/625 1923/783/628 1982/1017/779
f 1979/963/736 1980/1014/777 2085/1018/780 2083/964/737
f 1980/1014/777 1981/1015/778 2087/1019/781 2085/1018/780
f 1981/1016/778 1982/1017/779 2089/1021/782 2087/1020/781
f 1982/1017/779 1923/783/628 2065/784/629 2089/1021/782
f 2084/966/739 2086/1023/784 1988/1022/783 1987/965/738
f 2086/1023/784 2088/1025/786 1989/1024/785 1988/1022/783
f 2088/1029/786 2090/1028/788 1990/1027/787 1989/1026/785
f 2090/1028/788 2066/835/655 1927/836/656 1990/1027/787
f 1987/965/738 1988/1022/783 1992/1030/783 1991/967/738
f 1988/1022/783 1989/1024/785 1993/1031/789 1992/1030/783
f 1989/1026/785 1990/1027/787 1994/1033/787 1993/1032/789
f 1990/1027/787 1927/836/656 1929/837/657 1994/1033/787
f 1991/967/738 1992/1030/783 1996/1034/783 1995/968/740
f 1992/1030/783 1993/1031/789 1997/1035/789 1996/1034/783
f 1993/1032/789 1994/1033/787 1998/1037/787 1997/1036/789
f 1994/1033/787 1929/837/657 1931/839/656 1998/1037/787
f 1995/968/740 1996/1034/783 2093/1038/790 2091/969/741
f 1996/1034/783 1997/1035/789 2095/1039/791 2093/1038/790
f 1997/1036/789 1998/1037/787 2097/1041/792 2095/1040/791
f 1998/1037/787 1931/839/656 2069/841/659 2097/1041/792
f 2092/971/743 2094/1043/794 2004/1042/793 2003/970/742
f 2094/1043/794 2096/1045/796 2005/1044/795 2004/1042/793
f 2096/1049/796 2098/1048/798 2006/1047/797 2005/1046/795
f 2098/1048/798 2070/867/669 1935/868/670 2006/1047/797
f 2003/970/742 2004/1042/793 2008/1050/799 2007/972/744
f 2004/1042/793 2005/1044/795 2009/1051/800 2008/1050/799
f 2005/1046/795 2006/1047/797 2010/1053/801 2009/1052/800
f 2006/1047/797 1935/868/670 1937/869/671 2010/1053/801
f 2007/972/744 2008/1050/799 2012/1054/802 2011/973/745
f 2008/1050/799 2009/1051/800 2013/1055/803 2012/1054/802
f 2009/1052/800 2010/1053/801 2014/1057/804 2013/1056/803
f 2010/1053/801 1937/869/671 1939/870/672 2014/1057/804
f 2011/973/745 2012/1054/802 2016/1058/805 2015/974/746
f 2012/1054/802 2013/1055/803 2017/1059/806 2016/1058/805
f 2013/1056/803 2014/1057/804 2018/1061/804 2017/1060/806
f 2014/1057/804 1939/870/672 1941/871/673 2018/1061/804
f 2015/974/746 2016/1058/805 1951/1062/807 1949/975/747
f 2016/1058/805 2017/1059/806 1874/1063/808 1951/1062/807
f 2017/1060/806 2018/1061/804 1869/1065/809 1874/1064/808
f 2018/1061/804 1941/871/673 1943/872/674 1869/1065/809
f 2228/1068/813 2227/1067/812 1859/1066/811 1864/978/810
f 2227/1067/812 2226/1070/815 1854/1069/814 1859/1066/811
f 2226/1074/815 2225/1073/817 1849/1072/816 1854/1071/814
f 2225/1073/817 2224/1075/818 1945/875/677 1849/1072/816
f 1864/978/750 1859/1066/811 2047/1076/819 2049/977/749
f 1859/1066/811 1854/1069/814 2045/1077/820 2047/1076/819
f 1854/1071/814 1849/1072/816 2044/1079/821 2045/1078/820
f 1849/1072/816 1945/875/677 2074/876/678 2044/1079/821
f 2050/980/752 2048/1081/823 1819/1080/822 1824/979/751
f 2048/1081/823 2046/1083/825 1814/1082/824 1819/1080/822
f 2046/1085/825 2043/664/511 1809/663/510 1814/1084/824
f 1779/1089/822 1774/1088/828 2078/1087/827 2080/1086/826
f 1824/979/751 1819/1080/822 1799/1090/822 1804/981/751
f 1819/1080/822 1814/1082/824 1794/1091/828 1799/1090/822
f 1814/1084/824 1809/663/510 1789/766/611 1794/1092/828
f 1765/1095/830 2045/1077/820 2044/1094/821 2107/1093/829
f 1804/981/751 1799/1090/822 1779/1089/822 1784/982/751
f 1799/1090/822 1794/1091/828 1774/1088/828 1779/1089/822
f 1794/1092/828 1789/766/611 1769/740/581 1774/1096/828
f 1774/1096/828 1769/740/581 2076/741/582 2078/1097/827
f 1784/982/751 1779/1089/822 2080/1086/826 2082/983/753
f 2121/877/679 2021/1099/832 2103/1098/831 2074/876/678
f 2103/1098/831 2107/1100/829 2044/1079/821 2074/876/678
f 2137/738/579 2099/1102/834 2143/1101/833 2062/737/578
f 2066/835/655 2150/1104/836 2057/1103/835 2131/834/654
f 1806/1105/837 2040/716/559 2128/710/554 1797/905/704
f 1807/1106/838 1806/1105/837 1797/905/704 1798/906/705
f 1808/1107/839 2038/718/561 2040/716/559 1806/1105/837
f 1811/1108/840 1808/1107/839 1806/1105/837 1807/1106/838
f 1812/1109/841 2034/717/560 2038/718/561 1808/1107/839
f 1813/1110/842 1812/1109/841 1808/1107/839 1811/1108/840
f 2127/866/668 2070/867/669 2170/1112/844 2039/1111/843
f 1816/1113/845 2032/715/558 2034/717/560 1812/1109/841
f 1817/1114/846 1816/1113/845 1812/1109/841 1813/1110/842
f 1818/1115/847 2130/713/556 2032/715/558 1816/1113/845
f 2073/662/509 2106/1117/849 2029/1116/848 2119/661/508
f 1826/1118/850 1818/1115/847 1816/1113/845 1817/1114/846
f 1828/850/663 2174/714/557 2130/713/556 1818/1115/847
f 2186/1119/851 2187/671/518 2060/667/514 2082/983/753
f 2194/679/526 2195/1120/852 2084/966/739 2063/677/524
f 2202/695/540 2203/1121/853 2092/971/743 2067/694/539
f 2210/687/532 2211/1122/854 2050/980/752 2071/683/530
f 1953/1123/855 2186/1119/851 2082/983/753 2080/1086/826
f 1999/1124/856 1953/1123/855 2080/1086/826 2078/1087/827
f 1983/1126/857 1999/1125/856 2078/1097/827 2076/741/582
f 2143/1101/833 1983/1126/857 2076/741/582 2062/737/578
f 2195/1120/852 1958/1127/858 2086/1023/784 2084/966/739
f 1958/1127/858 1948/1128/859 2088/1025/786 2086/1023/784
f 1948/1130/859 1926/1129/860 2090/1028/788 2088/1029/786
f 1926/1129/860 2150/1104/836 2066/835/655 2090/1028/788
f 2203/1121/853 1858/1131/861 2094/1043/794 2092/971/743
f 1858/1131/861 1844/1132/862 2096/1045/796 2094/1043/794
f 1844/1132/862 1823/1134/863 2098/1133/798 2096/1045/796
f 1823/1135/863 2170/1112/844 2070/867/669 2098/1048/798
f 2211/1122/854 1803/1136/864 2048/1081/823 2050/980/752
f 1803/1136/864 1768/1137/865 2046/1083/825 2048/1081/823
f 1768/1139/865 2110/1138/866 2043/664/511 2046/1085/825
f 2104/1141/868 2103/1098/831 2021/1099/832 2023/1140/867
f 2023/1145/867 2025/1144/870 2105/1143/869 2104/1142/868
f 2106/1117/849 2105/1143/869 2025/1144/870 2029/1116/848
f 1827/849/662 1828/850/663 1818/1115/847 1826/1118/850
f 2103/1098/831 2104/1141/868 2108/1146/871 2107/1100/829
f 2104/1142/868 2105/1143/869 2109/1148/872 2108/1147/871
f 2105/1143/869 2106/1117/849 2110/1138/866 2109/1148/872
f 2106/1117/849 2073/662/509 2043/664/511 2110/1138/866
f 2101/1150/874 2144/1149/873 2143/1101/833 2099/1102/834
f 2145/1152/876 2144/1149/873 2101/1150/874 2115/1151/875
f 2146/1156/878 2145/1155/876 2115/1154/875 2117/1153/877
f 2061/770/615 2146/1156/878 2117/1153/877 2135/769/614
f 2150/1104/836 2149/1158/880 2055/1157/879 2057/1103/835
f 2149/1158/880 2148/1160/882 2053/1159/881 2055/1157/879
f 2148/1164/882 2147/1163/884 2041/1162/883 2053/1161/881
f 2147/1163/884 2065/784/629 2133/785/630 2041/1162/883
f 1831/1166/886 2030/707/551 2120/703/547 1861/1165/885
f 1832/1168/888 1831/1166/886 1861/1165/885 1853/1167/887
f 1833/1169/889 2026/709/553 2030/707/551 1831/1166/886
f 1836/1170/890 1833/1169/889 1831/1166/886 1832/1168/888
f 1837/1171/891 2024/708/552 2026/709/553 1833/1169/889
f 1838/1172/892 1837/1171/891 1833/1169/889 1836/1170/890
f 1841/1173/893 2022/706/550 2024/708/552 1837/1171/891
f 1842/1174/894 1841/1173/893 1837/1171/891 1838/1172/892
f 1843/1175/895 2122/702/546 2022/706/550 1841/1173/893
f 1846/1176/896 1843/1175/895 1841/1173/893 1842/1174/894
f 1848/802/640 2154/705/549 2122/702/546 1843/1175/895
f 1847/803/639 1848/802/640 1843/1175/895 1846/1176/896
f 1861/1165/885 2120/703/547 2152/704/548 1851/811/643
f 1853/1167/887 1861/1165/885 1851/811/643 1852/812/644
f 2036/792/634 1770/789/633 1862/1177/897 2249/952/725
f 1770/789/633 2111/794/634 1868/951/569 1862/1177/897
f 1810/816/639 1780/1179/638 1872/1178/898 1867/815/646
f 1780/1179/638 1847/1180/639 2153/874/676 1872/1178/898
f 1792/809/643 1790/806/643 2141/937/564 2140/722/564
f 1790/806/643 1851/811/643 2152/704/548 2141/937/564
f 1805/799/636 1815/817/647 2159/929/722 1866/798/637
f 1815/817/647 1830/821/636 2161/932/723 2159/929/722
f 1830/821/636 1840/825/636 2163/934/723 2161/932/723
f 1840/825/636 1850/829/636 2165/936/724 2163/934/723
f 2170/1112/844 2169/1182/900 2037/1181/899 2039/1111/843
f 2169/1186/900 2168/1185/902 2033/1184/901 2037/1183/899
f 2031/1188/904 2033/1184/901 2168/1185/902 2167/1187/903
f 2129/842/660 2031/1188/904 2167/1187/903 2069/841/659
f 1850/829/636 1793/843/636 2172/711/555 2165/936/724
f 1828/850/663 1865/847/663 2179/945/557 2174/714/557
f 1865/847/663 2113/852/663 2182/736/577 2179/945/557
f 2242/859/666 2019/856/634 2223/955/727 2222/729/570
f 2019/856/634 2027/861/634 2240/954/726 2223/955/727
f 2027/861/634 2051/864/634 2247/953/726 2240/954/726
f 2051/864/634 2036/792/634 2249/952/725 2247/953/726
f 2111/794/634 2246/879/634 2267/727/569 1868/951/569
f 2124/1189/681 2114/851/664 2181/833/653 2131/834/654
f 2126/1190/683 2124/1189/681 2131/834/654 2057/1103/835
f 2156/1191/685 2126/1190/683 2057/1103/835 2055/1157/879
f 2158/1192/687 2156/1191/685 2055/1157/879 2053/1159/881
f 2176/1194/689 2158/1193/687 2053/1161/881 2041/1162/883
f 2178/1195/691 2176/1194/689 2041/1162/883 2133/785/630
f 2220/855/665 2178/1195/691 2133/785/630 2221/782/627
f 1772/1196/693 2268/878/631 2266/768/613 2135/769/614
f 1776/1197/695 1772/1196/693 2135/769/614 2117/1153/877
f 1778/1198/697 1776/1197/695 2117/1153/877 2115/1154/875
f 1782/1200/699 1778/1199/697 2115/1151/875 2101/1150/874
f 1786/1201/701 1782/1200/699 2101/1150/874 2099/1102/834
f 1788/1202/703 1786/1201/701 2099/1102/834 2137/738/579
f 1791/805/642 1788/1202/703 2137/738/579 2139/739/580
f 1798/1203/705 1796/831/638 2171/832/652 2127/866/668
f 1807/1204/838 1798/1203/705 2127/866/668 2039/1111/843
f 2186/1119/851 2185/1205/905 2188/673/520 2187/671/518
f 2185/1205/905 2184/1206/906 2189/672/519 2188/673/520
f 2184/1206/906 2183/1207/907 2190/670/517 2189/672/519
f 2183/1207/907 2081/957/729 2059/666/513 2190/670/517
f 2194/679/526 2193/681/528 2196/1208/908 2195/1120/852
f 2193/681/528 2192/682/529 2197/1209/909 2196/1208/908
f 2192/682/529 2191/680/527 2198/1210/910 2197/1209/909
f 2191/680/527 2064/674/521 2083/964/737 2198/1210/910
f 2202/695/540 2201/698/543 2204/1211/911 2203/1121/853
f 2201/698/543 2200/699/544 2205/1212/912 2204/1211/911
f 2200/699/544 2199/696/541 2206/1213/913 2205/1212/912
f 2199/696/541 2068/697/542 2091/969/741 2206/1213/913
f 2210/687/532 2209/689/534 2212/1214/914 2211/1122/854
f 2209/689/534 2208/690/535 2213/1215/915 2212/1214/914
f 2208/690/535 2207/688/533 2214/1216/916 2213/1215/915
f 2207/688/533 2072/684/531 2049/977/749 2214/1216/916
f 1953/1123/855 2217/1217/917 2185/1205/905 2186/1119/851
f 2217/1217/917 2216/1218/918 2184/1206/906 2185/1205/905
f 2216/1218/918 2215/1219/919 2183/1207/907 2184/1206/906
f 2215/1219/919 2079/985/755 2081/957/729 2183/1207/907
f 1999/1124/856 2000/1220/920 2217/1217/917 1953/1123/855
f 2000/1220/920 2001/1221/921 2216/1218/918 2217/1217/917
f 2001/1221/921 2002/1222/922 2215/1219/919 2216/1218/918
f 2002/1222/922 2077/987/757 2079/985/755 2215/1219/919
f 1983/1224/857 1984/1223/923 2000/1220/920 1999/1124/856
f 1984/1223/923 1985/1225/924 2001/1221/921 2000/1220/920
f 1985/1225/924 1986/1226/925 2002/1222/922 2001/1221/921
f 1986/1226/925 2075/1227/759 2077/987/757 2002/1222/922
f 2143/1101/833 2144/1149/873 1984/1228/923 1983/1126/857
f 2144/1149/873 2145/1152/876 1985/1229/924 1984/1228/923
f 2145/1155/876 2146/1156/878 1986/1231/925 1985/1230/924
f 2146/1156/878 2061/770/615 2075/990/759 1986/1231/925
f 2195/1120/852 2196/1208/908 1957/1232/926 1958/1127/858
f 2196/1208/908 2197/1209/909 1956/1233/927 1957/1232/926
f 2197/1209/909 2198/1210/910 1955/1234/928 1956/1233/927
f 2198/1210/910 2083/964/737 2085/1018/780 1955/1234/928
f 1958/1127/858 1957/1232/926 1947/1235/929 1948/1128/859
f 1957/1232/926 1956/1233/927 1934/1236/930 1947/1235/929
f 1956/1233/927 1955/1234/928 1933/1237/931 1934/1236/930
f 1955/1234/928 2085/1018/780 2087/1019/781 1933/1237/931
f 1948/1128/859 1947/1235/929 1925/1239/932 1926/1238/860
f 1947/1235/929 1934/1236/930 1912/1240/933 1925/1239/932
f 1934/1236/930 1933/1237/931 1911/1241/934 1912/1240/933
f 1933/1237/931 2087/1019/781 2089/1242/782 1911/1241/934
f 1926/1129/860 1925/1243/932 2149/1158/880 2150/1104/836
f 1925/1243/932 1912/1244/933 2148/1160/882 2149/1158/880
f 1912/1246/933 1911/1245/934 2147/1163/884 2148/1164/882
f 1911/1245/934 2089/1021/782 2065/784/629 2147/1163/884
f 2203/1121/853 2204/1211/911 1857/1247/935 1858/1131/861
f 2204/1211/911 2205/1212/912 1856/1248/936 1857/1247/935
f 2205/1212/912 2206/1213/913 1855/1249/937 1856/1248/936
f 2206/1213/913 2091/969/741 2093/1038/790 1855/1249/937
f 1858/1131/861 1857/1247/935 1839/1250/938 1844/1132/862
f 1857/1247/935 1856/1248/936 1834/1251/939 1839/1250/938
f 1856/1248/936 1855/1249/937 1829/1252/940 1834/1251/939
f 1855/1249/937 2093/1038/790 2095/1039/791 1829/1252/940
f 1844/1132/862 1839/1250/938 1822/1253/941 1823/1134/863
f 1839/1250/938 1834/1251/939 1821/1254/942 1822/1253/941
f 1834/1251/939 1829/1252/940 1820/1255/943 1821/1254/942
f 1829/1257/940 2095/1040/791 2097/1041/792 1820/1256/943
f 1823/1135/863 1822/1258/941 2169/1182/900 2170/1112/844
f 1822/1260/941 1821/1259/942 2168/1185/902 2169/1186/900
f 1821/1259/942 1820/1256/943 2167/1187/903 2168/1185/902
f 1820/1256/943 2097/1041/792 2069/841/659 2167/1187/903
f 2211/1122/854 2212/1214/914 1802/1261/944 1803/1136/864
f 2212/1214/914 2213/1215/915 1801/1262/945 1802/1261/944
f 2213/1215/915 2214/1216/916 1800/1263/946 1801/1262/945
f 2214/1216/916 2049/977/749 2047/1076/819 1800/1263/946
f 1803/1136/864 1802/1261/944 1767/1264/947 1768/1137/865
f 1802/1261/944 1801/1262/945 1766/1265/948 1767/1264/947
f 1801/1262/945 1800/1263/946 1765/1095/830 1766/1265/948
f 1800/1263/946 2047/1076/819 2045/1077/820 1765/1095/830
f 1768/1137/865 1767/1264/947 2109/1267/872 2110/1266/866
f 1767/1264/947 1766/1265/948 2108/1268/871 2109/1267/872
f 1766/1265/948 1765/1095/830 2107/1093/829 2108/1268/871
f 2219/928/260 2245/1270/260 2244/1269/260 2218/939/260
f 1873/797/549 1866/798/637 2245/1270/260 2219/928/260
f 1945/875/677 2224/1075/818 1872/1178/898 2153/874/676
f 1811/1271/840 1807/1204/838 2039/1111/843 2037/1181/899
f 1813/1273/842 1811/1272/840 2037/1183/899 2033/1184/901
f 1817/1274/846 1813/1273/842 2033/1184/901 2031/1188/904
f 2225/1073/817 2251/1275/949 2250/873/675 2224/1075/818
f 2226/1074/815 2252/1276/950 2251/1275/949 2225/1073/817
f 2227/1067/812 2253/1278/951 2252/1277/950 2226/1070/815
f 2228/1068/813 2254/976/748 2253/1278/951 2227/1067/812
f 2228/1068/813 1864/978/810 1946/691/592 2229/749/594
f 2276/748/593 2285/754/599 2255/755/600 2229/749/594
f 2271/1282/953 2274/1281/953 2273/1280/952 2270/1279/952
f 2272/1284/952 2275/1283/952 2274/1281/953 2271/1282/953
f 2282/745/588 2233/746/589 2259/765/610 2290/764/609
f 2234/958/730 2260/994/762 2259/765/610 2233/746/589
f 2234/958/730 1959/956/731 1960/984/754 2235/1285/954
f 2235/1285/954 1960/984/754 1961/986/756 2236/1286/955
f 2236/1288/955 1961/988/756 1962/989/758 2237/1287/956
f 2237/1287/956 1962/989/758 1913/771/616 2238/772/617
f 1871/773/618 1863/787/632 2264/1001/767 2238/772/617
f 1826/1289/850 1817/1274/846 2031/1188/904 2129/842/660
f 1827/846/662 1826/1289/850 2129/842/660 2173/840/658
f 1832/1291/888 1853/1290/887 2119/661/508 2029/1116/848
f 2243/946/260 2269/1292/260 1862/1177/897 1868/951/569
f 2218/939/260 2244/1269/260 2269/1292/260 2243/946/260
f 2245/1270/260 1896/930/260 1897/940/260 2244/1269/260
f 1866/798/637 2159/929/722 1896/930/260 2245/1270/260
f 2224/1075/818 2250/873/675 1867/815/646 1872/1178/898
f 1836/1293/890 1832/1291/888 2029/1116/848 2025/1144/870
f 1838/1294/892 1836/1293/890 2025/1144/870 2023/1145/867
f 1842/1296/894 1838/1295/892 2023/1140/867 2021/1099/832
f 2251/1275/949 1869/1065/809 1943/872/674 2250/873/675
f 2252/1276/950 1874/1064/808 1869/1065/809 2251/1275/949
f 2253/1278/951 1951/1062/807 1874/1063/808 2252/1277/950
f 2254/976/748 1949/975/747 1951/1062/807 2253/1278/951
f 2254/976/748 2228/1068/813 2229/749/594 2255/755/600
f 2287/1297/958 1879/916/957 1880/756/601 2284/757/602
f 2291/760/605 1878/761/606 1879/916/957 2287/1297/958
f 2260/994/762 1963/960/733 1916/763/608 2259/765/610
f 2260/994/762 2234/958/730 2235/1285/954 2261/993/761
f 2261/993/761 2235/1285/954 2236/1286/955 2262/996/764
f 2262/1000/764 2236/1288/955 2237/1287/956 2263/999/766
f 2263/999/766 2237/1287/956 2238/772/617 2264/1001/767
f 1863/787/632 2265/774/619 1915/775/620 2264/1001/767
f 1846/1298/896 1842/1296/894 2021/1099/832 2121/877/679
f 1847/1180/639 1846/1298/896 2121/877/679 2153/874/676
f 1853/1290/887 1852/810/644 2151/660/507 2119/661/508
f 2269/1292/260 1898/947/260 2249/952/725 1862/1177/897
f 2244/1269/260 1897/940/260 1898/947/260 2269/1292/260
f 2273/1302/502 2286/1301/959 2278/1300/959 2270/1299/502
f 2274/1306/963 2288/1305/962 2286/1304/961 2273/1303/960
f 2270/1310/967 2278/1309/966 2280/1308/965 2271/1307/964
f 2275/1312/969 2289/1311/968 2288/1305/962 2274/1306/963
f 2272/1316/505 2283/1315/970 2289/1314/970 2275/1313/505
f 2271/1307/964 2280/1308/965 2283/1318/972 2272/1317/971
f 2318/1321/975 2317/1320/974 2316/1319/973
f 2321/1324/978 2320/1323/977 2319/1322/976
f 2324/1327/981 2323/1326/980 2322/1325/979
f 2257/1330/984 2258/1329/983 2325/1328/982
f 2232/1332/986 2303/1331/985 2283/1318/972 2280/1308/965
f 2292/1333/987 2232/1332/986 2280/1308/965 2278/1309/966
f 2304/1337/989 2297/1336/988 2278/1335/959 2286/1334/959
f 2298/1341/991 2313/1340/990 2289/1339/970 2283/1338/970
f 2230/1345/993 2309/1344/992 2286/1343/961 2288/1342/962
f 2314/1347/994 2230/1345/993 2288/1342/962 2289/1346/968
f 2292/1333/987 2316/1319/973 2317/1320/974 2293/1348/995
f 2294/750/595 2317/1350/974 2318/1349/975 2295/747/590
f 2296/1352/996 2318/1321/975 2316/1319/973 2297/1351/988
f 2292/1354/987 2278/1335/966 2297/1336/988 2316/1353/973
f 2294/750/595 2277/751/596 2293/1355/995 2317/1350/974
f 2296/1356/996 2276/748/593 2295/747/590 2318/1349/975
f 2298/1360/991 2319/1359/976 2320/1358/977 2299/1357/997
f 2300/742/585 2320/1358/977 2321/1361/978 2301/744/587
f 2302/1362/998 2321/1324/978 2319/1322/976 2303/1331/985
f 2298/1363/991 2283/1318/972 2303/1331/985 2319/1322/976
f 2300/742/585 2282/745/588 2299/1357/997 2320/1358/977
f 2302/1364/998 2281/743/586 2301/744/587 2321/1361/978
f 2304/1366/989 2322/1325/979 2323/1326/980 2305/1365/999
f 2306/753/598 2323/1326/980 2324/1327/981 2307/758/603
f 2308/1367/1000 2324/1327/981 2322/1325/979 2309/1344/992
f 2304/1371/1001 2286/1370/1001 2309/1369/1001 2322/1368/1001
f 2306/753/598 2285/754/599 2305/1365/999 2323/1326/980
f 2308/1367/1000 2284/757/602 2307/758/603 2324/1327/981
f 2310/759/604 2325/1328/982 2258/1329/983 2311/762/607
f 2312/1373/1002 2258/1329/983 2257/1330/984 2313/1372/990
f 2314/1347/994 2257/1330/984 2325/1328/982 2315/1374/1003
f 2310/759/604 2291/760/605 2315/1374/1003 2325/1328/982
f 2312/1373/1002 2290/764/609 2311/762/607 2258/1329/983
f 2314/1376/1004 2289/1339/1004 2313/1340/1004 2257/1375/1004
f 2232/1332/986 2256/1377/1005 2302/1362/998 2303/1331/985
f 2256/1378/1005 2279/915/713 2281/743/586 2302/1364/998
f 2292/1333/987 2293/1348/995 2256/1377/1005 2232/1332/986
f 2293/1355/995 2277/751/596 2279/915/713 2256/1378/1005
f 2304/1366/989 2305/1365/999 2296/1356/996 2297/1379/988
f 2305/1365/999 2285/754/599 2276/748/593 2296/1356/996
f 2298/1360/991 2299/1357/997 2312/1373/1002 2313/1372/990
f 2299/1357/997 2282/745/588 2290/764/609 2312/1373/1002
f 2230/1345/993 2231/1380/1006 2308/1367/1000 2309/1344/992
f 2231/1380/1006 2287/1297/958 2284/757/602 2308/1367/1000
f 2314/1347/994 2315/1374/1003 2231/1380/1006 2230/1345/993
f 2315/1374/1003 2291/760/605 2287/1297/958 2231/1380/1006

v -41.514115 65.313499 -45.044238
v -39.983334 66.613188 -52.926242
v -37.065708 60.543407 -45.016820
v -36.133909 61.367053 -52.900230
v -35.411050 58.769092 -45.006621
v -34.479249 59.592741 -52.890031
v -30.921680 53.955075 -44.978951
v -29.473191 55.343123 -52.861472
v -30.898263 53.931255 -52.922225
v -29.496250 55.366579 -45.039767
v -35.387633 58.745272 -52.949895
v -34.502313 59.616203 -45.066210
v -37.042291 60.519587 -52.960094
v -36.156974 61.390515 -45.076409
v -41.490698 65.289679 -52.987512
v -40.006393 66.636643 -45.104557
v -39.876702 66.562414 -45.247079
v -40.147567 66.587892 -45.044031
v -36.262971 61.292009 -45.016699
v -36.112716 61.430959 -45.220595
v -34.608304 59.517703 -45.006500
v -34.458058 59.656645 -45.210396
v -29.560356 55.500361 -45.183494
v -29.555122 55.229476 -44.978744
v -29.538142 55.477764 -52.718930
v -29.531705 55.205656 -52.922018
v -34.584887 59.493884 -52.949774
v -34.435844 59.634048 -52.745832
v -36.239555 61.268189 -52.959973
v -36.090502 61.408362 -52.756031
v -39.854488 66.539818 -52.782515
v -40.124150 66.564072 -52.987305
# 32 vertices

vn -0.002948 0.002999 0.999987
vn 0.156660 0.120040 0.980331
vn 0.148013 0.127827 0.980690
vn -0.002948 0.002998 0.999991
vn 0.132274 0.144685 0.980597
vn -0.002948 0.002998 0.999991
vn 0.125175 0.153766 0.980146
vn -0.002948 0.002999 0.999991
vn 0.682009 -0.731327 0.004204
vn 0.818412 -0.574617 0.004136
vn 0.002947 -0.002999 -0.999991
vn 0.130966 0.147900 -0.980293
vn 0.138061 0.138810 -0.980648
vn 0.002947 -0.002999 -0.999991
vn 0.153785 0.121940 -0.980551
vn 0.002947 -0.002999 -0.999991
vn 0.162423 0.114148 -0.980096
vn 0.002948 -0.002999 -0.999991
vn -0.682010 0.731330 -0.004204
vn -0.516087 0.856526 -0.004090
vn 0.707337 0.694177 0.133387
vn 0.708120 0.693376 -0.133404
vn 0.755705 0.624846 -0.196160
vn 0.754549 0.626026 0.196841
vn 0.677510 0.708750 -0.196607
vn 0.676348 0.709923 0.196373
vn 0.742462 0.656522 -0.133150
vn 0.741673 0.657317 0.133624
vn -0.731336 -0.682017 -0.000111
vn -0.731336 -0.682017 -0.000111
vn -0.731336 -0.682017 -0.000111
vn -0.731336 -0.682017 -0.000111
vn 0.709528 0.589815 0.385601
vn 0.645154 0.737262 0.200550
vn 0.635975 0.668711 0.385177
vn 0.779840 0.592690 0.201418
vn 0.781030 0.591496 -0.200309
vn 0.638262 0.666418 -0.385368
vn 0.711787 0.587495 -0.384979
vn 0.646330 0.736053 -0.201204
vn 0.293275 0.247734 0.923373
vn 0.310070 0.232332 0.921888
vn 0.262406 0.280802 0.923198
vn 0.248349 0.298453 0.921547
vn 0.919486 -0.393103 0.003889
vn 0.267859 0.275277 -0.923295
vn 0.253805 0.292950 -0.921826
vn 0.298703 0.242185 -0.923105
vn 0.315473 0.226781 -0.921437
vn -0.327866 0.944717 -0.003800
# 50 normals

vt 0.250000 0.375000 0.000000
vt 0.250000 0.602932 0.000000
vt 0.354990 0.508892 0.000000
vt 0.354990 0.375000 0.000000
vt 0.394043 0.508893 0.000000
vt 0.394043 0.375000 0.000000
vt 0.500000 0.602934 0.000000
vt 0.500000 0.375000 0.000000
vt 0.750000 0.602934 0.000000
vt 0.750000 0.375000 0.000000
vt 0.855957 0.508893 0.000000
vt 0.855957 0.375000 0.000000
vt 0.895010 0.508892 0.000000
vt 0.895010 0.375000 0.000000
vt 1.000000 0.602932 0.000000
vt 1.000000 0.375000 0.000000
vt -0.000000 0.375000 0.000000
vt 0.000000 0.602932 0.000000
vt 0.253260 0.631418 0.000000
vt 0.253260 0.868582 0.000000
vt 0.354990 0.868582 0.000000
vt 0.354990 0.631418 0.000000
vt 0.394043 0.868582 0.000000
vt 0.394043 0.631418 0.000000
vt 0.496740 0.868582 0.000000
vt 0.496740 0.631418 0.000000
vt 0.250000 0.125000 0.000000
vt 0.354990 0.125000 0.000000
vt 0.394043 0.125000 0.000000
vt 0.500000 0.125000 0.000000
vt 0.354990 0.626880 0.000000
vt 0.250972 0.626913 0.000000
vt 0.394043 0.626880 0.000000
vt 0.499028 0.626913 0.000000
vt 0.499028 0.873087 0.000000
vt 0.394043 0.873120 0.000000
vt 0.354990 0.873120 0.000000
vt 0.250972 0.873087 0.000000
vt 0.354990 0.625000 0.000000
vt 0.250000 0.625000 0.000000
vt 0.394043 0.625000 0.000000
vt 0.500000 0.625000 0.000000
vt 0.500000 0.875000 0.000000
vt 0.394043 0.875000 0.000000
vt 0.354990 0.875000 0.000000
vt 0.250000 0.875000 0.000000
# 46 texture coordinates

o switch
usemtl Mat_1
f 2328/1384/1010 2344/1383/1009 2343/1382/1008 2326/1381/1007
f 2330/1386/1012 2346/1385/1011 2344/1383/1009 2328/1384/1010
f 2332/1388/1014 2349/1387/1013 2346/1385/1011 2330/1386/1012
f 2334/1390/1015 2351/1389/1016 2349/1387/1016 2332/1388/1015
f 2336/1392/1020 2352/1391/1019 2351/1389/1018 2334/1390/1017
f 2338/1394/1022 2354/1393/1021 2352/1391/1019 2336/1392/1020
f 2340/1396/1024 2357/1395/1023 2354/1393/1021 2338/1394/1022
f 2326/1381/1025 2343/1382/1026 2357/1398/1026 2340/1397/1025
f 2345/1402/1030 2355/1401/1029 2356/1400/1028 2342/1399/1027
f 2347/1404/1032 2353/1403/1031 2355/1401/1029 2345/1402/1030
f 2348/1406/1034 2350/1405/1033 2353/1403/1031 2347/1404/1032
f 2338/1408/1036 2328/1384/1036 2326/1381/1035 2340/1407/1035
f 2336/1409/1037 2330/1386/1037 2328/1384/1036 2338/1408/1036
f 2334/1410/1038 2332/1388/1038 2330/1386/1037 2336/1409/1037
f 2341/1412/1040 2339/1411/1039 2345/1402/1030 2342/1399/1027
f 2339/1411/1039 2337/1413/1041 2347/1404/1032 2345/1402/1030
f 2337/1413/1041 2335/1414/1042 2348/1406/1034 2347/1404/1032
f 2335/1414/1042 2333/1415/1043 2350/1405/1033 2348/1406/1034
f 2333/1415/1043 2331/1416/1044 2353/1403/1031 2350/1405/1033
f 2331/1416/1044 2329/1417/1045 2355/1401/1029 2353/1403/1031
f 2329/1417/1045 2327/1418/1046 2356/1400/1028 2355/1401/1029
f 2327/1418/1046 2341/1412/1040 2342/1399/1027 2356/1400/1028
f 2341/1412/1048 2343/1420/1008 2344/1419/1009 2339/1411/1047
f 2339/1411/1047 2344/1419/1009 2346/1421/1011 2337/1413/1049
f 2337/1413/1049 2346/1421/1011 2349/1422/1013 2335/1414/1050
f 2335/1414/1051 2349/1422/1016 2351/1423/1016 2333/1415/1051
f 2333/1415/1053 2351/1423/1018 2352/1424/1019 2331/1416/1052
f 2331/1416/1052 2352/1424/1019 2354/1425/1021 2329/1417/1054
f 2329/1417/1054 2354/1425/1021 2357/1426/1023 2327/1418/1055
f 2327/1418/1056 2357/1426/1026 2343/1420/1026 2341/1412/1056

v -38.141154 56.484678 -65.962421
v -33.552274 60.894209 -65.962421
v -32.559751 50.676262 -65.962421
v -28.711860 55.386514 -62.701046
v -33.042288 51.178426 -69.238855
v -28.660101 55.585019 -62.748807
v -34.406466 52.598089 -71.948764
v -28.690437 55.782358 -62.821518
v -36.416405 54.689779 -73.623579
v -30.069767 56.799652 -60.003593
v -38.724569 57.091823 -73.973711
v -29.998124 56.977463 -60.090856
v -40.931855 59.388887 -72.938618
v -29.998185 57.143297 -60.223705
v -42.656604 61.183786 -70.697277
v -32.070469 58.881728 -58.336475
v -43.600590 62.166167 -67.637237
v -31.969526 59.029049 -58.448152
v -43.600590 62.166167 -64.287606
v -31.924983 59.148463 -58.618169
v -42.656604 61.183786 -61.227565
v -34.368024 61.272732 -57.987952
v -40.931855 59.388887 -58.986224
v -34.233435 61.385038 -58.104733
v -38.724569 57.091823 -57.951131
v -34.137669 61.451147 -58.282520
v -36.416405 54.689779 -58.301263
v -36.565165 63.559238 -59.018288
v -34.406466 52.598089 -59.976079
v -36.398401 63.638060 -59.119980
v -33.042288 51.178426 -62.685988
v -36.253650 63.653191 -59.274796
v -28.342787 54.728412 -65.962421
v -28.336236 55.466018 -65.962421
v -28.825325 55.230576 -69.238855
v -28.787186 55.935309 -69.024376
v -30.189503 56.650239 -71.948764
v -30.062063 57.262040 -71.556891
v -32.199442 58.741929 -73.623579
v -31.940429 59.216805 -73.122072
v -34.507606 61.143973 -73.973711
v -34.097498 61.461609 -73.449283
v -36.714892 63.441036 -72.938618
v -36.160293 63.608304 -72.481949
v -38.439640 65.235936 -70.697277
v -37.772138 65.285708 -70.387328
v -39.383627 66.218317 -67.637237
v -38.654329 66.203781 -67.527602
v -39.383627 66.218317 -64.287606
v -38.654329 66.203781 -64.397241
v -38.439640 65.235936 -61.227565
v -37.772138 65.285708 -61.537514
v -36.714892 63.441036 -58.986224
v -36.160293 63.608304 -59.442894
v -34.507606 61.143973 -57.951131
v -34.097498 61.461609 -58.475559
v -32.199442 58.741929 -58.301263
v -31.940429 59.216805 -58.802771
v -30.189503 56.650239 -59.976079
v -30.062063 57.262040 -60.367951
v -28.825325 55.230576 -62.685988
v -28.787186 55.935309 -62.900466
v -28.231540 54.886658 -65.962421
v -28.186815 55.092483 -65.962421
v -28.227860 55.300966 -65.962421
v -28.690437 55.782358 -69.103325
v -28.660101 55.585019 -69.176036
v -28.711860 55.386514 -69.223796
v -29.998185 57.143297 -71.701137
v -29.998124 56.977463 -71.833987
v -30.069767 56.799652 -71.921250
v -31.924983 59.148463 -73.306674
v -31.969526 59.029049 -73.476691
v -32.070469 58.881728 -73.588368
v -34.137669 61.451147 -73.642322
v -34.233435 61.385038 -73.820110
v -34.368024 61.272732 -73.936890
v -36.253650 63.653191 -72.650046
v -36.398401 63.638060 -72.804863
v -36.565165 63.559238 -72.906555
v -37.907054 65.373844 -70.501419
v -38.090081 65.398546 -70.606495
v -38.281986 65.345888 -70.675515
v -38.811992 66.315589 -67.567958
v -39.015967 66.362091 -67.605126
v -39.221634 66.323754 -67.629539
v -38.811992 66.315589 -64.356885
v -39.015967 66.362091 -64.319717
v -39.221634 66.323754 -64.295303
v -37.907054 65.373844 -61.423424
v -38.090081 65.398546 -61.318347
v -38.281986 65.345888 -61.249327
# 92 vertices

vn -0.721057 -0.692876 -0.000000
vn -0.721057 -0.692876 -0.000000
vn -0.721057 -0.692876 0.000001
vn 0.692876 -0.721057 0.000000
vn 0.759016 -0.651072 0.000000
vn 0.699391 -0.589023 -0.404851
vn 0.632973 -0.658718 -0.406737
vn 0.781782 0.623552 0.000000
vn 0.721057 0.692876 -0.000000
vn 0.776268 0.629290 -0.037446
vn -0.721057 -0.692875 0.000000
vn 0.530826 -0.413604 -0.739699
vn 0.463625 -0.482482 -0.743144
vn 0.760677 0.645515 -0.068416
vn -0.721057 -0.692876 0.000000
vn 0.282467 -0.155147 -0.946648
vn 0.214110 -0.222819 -0.951057
vn 0.737706 0.669420 -0.087554
vn -0.721057 -0.692876 0.000000
vn -0.002737 0.141663 -0.989911
vn -0.072425 0.075371 -0.994522
vn 0.711327 0.696872 -0.091555
vn -0.721057 -0.692876 -0.000000
vn -0.275473 0.425504 -0.862010
vn -0.346437 0.360528 -0.866026
vn 0.686103 0.723123 -0.079725
vn -0.721057 -0.692876 0.000000
vn -0.488590 0.647291 -0.585059
vn -0.560548 0.583347 -0.587785
vn 0.666393 0.743634 -0.054110
vn -0.721057 -0.692876 0.000000
vn -0.605239 0.768674 -0.206947
vn -0.677735 0.705301 -0.207911
vn 0.655605 0.754862 -0.019139
vn -0.721057 -0.692876 -0.000000
vn -0.605239 0.768673 0.206947
vn -0.677734 0.705300 0.207912
vn 0.655605 0.754861 0.019139
vn -0.721057 -0.692876 -0.000000
vn -0.488593 0.647288 0.585060
vn -0.560548 0.583347 0.587785
vn 0.666393 0.743634 0.054110
vn -0.721057 -0.692876 0.000000
vn -0.275476 0.425502 0.862010
vn -0.346438 0.360529 0.866025
vn 0.686103 0.723123 0.079725
vn -0.721057 -0.692876 -0.000000
vn -0.002733 0.141667 0.989911
vn -0.072426 0.075371 0.994522
vn 0.711327 0.696872 0.091555
vn -0.721057 -0.692876 -0.000000
vn 0.282474 -0.155140 0.946647
vn 0.214110 -0.222819 0.951056
vn 0.737706 0.669421 0.087553
vn -0.721057 -0.692875 -0.000000
vn 0.530829 -0.413601 0.739699
vn 0.463624 -0.482481 0.743145
vn 0.760677 0.645515 0.068415
vn -0.721057 -0.692876 -0.000001
vn 0.699392 -0.589022 0.404851
vn 0.632973 -0.658718 0.406737
vn 0.776268 0.629290 0.037445
vn 0.903503 0.401546 -0.149810
vn 0.925566 0.378585 0.000000
vn 0.841128 0.466458 -0.273715
vn 0.749227 0.562098 -0.350291
vn 0.643691 0.671927 -0.366301
vn 0.542768 0.776955 -0.318972
vn 0.463907 0.859024 -0.216492
vn 0.420743 0.903942 -0.076578
vn 0.420743 0.903942 0.076578
vn 0.463905 0.859024 0.216492
vn 0.542768 0.776955 0.318973
vn 0.643691 0.671927 0.366301
vn 0.749227 0.562098 0.350292
vn 0.841128 0.466459 0.273714
vn 0.903503 0.401547 0.149809
vn 0.958074 0.034710 -0.284411
vn 0.999961 -0.008881 0.000000
vn 0.860676 -0.343534 -0.375795
vn 0.916022 -0.401129 0.000000
vn 0.839657 0.157946 -0.519643
vn 0.704210 -0.180704 -0.686611
vn 0.665185 0.339517 -0.665024
vn 0.473678 0.059207 -0.878706
vn 0.464825 0.548025 -0.695418
vn 0.208943 0.334714 -0.918863
vn 0.273218 0.747420 -0.605571
vn -0.044223 0.598179 -0.800142
vn 0.123495 0.903226 -0.411013
vn -0.242046 0.804046 -0.543069
vn 0.041552 0.988502 -0.145384
vn -0.350322 0.916719 -0.192095
vn 0.041553 0.988502 0.145384
vn -0.350323 0.916719 0.192095
vn 0.123496 0.903226 0.411012
vn -0.242048 0.804045 0.543069
vn 0.273217 0.747420 0.605571
vn -0.044226 0.598177 0.800143
vn 0.464821 0.548022 0.695423
vn 0.208942 0.334713 0.918863
vn 0.665182 0.339511 0.665030
vn 0.473679 0.059208 0.878705
vn 0.839656 0.157943 0.519646
vn 0.704210 -0.180704 0.686611
vn 0.958074 0.034710 0.284411
vn 0.860676 -0.343533 0.375795
# 107 normals

vt 0.000000 0.918953 0.000000
vt 0.067054 0.918953 0.000000
vt 0.000000 1.000000 0.000000
vt 0.500000 1.000000 0.000000
vt 0.067105 1.000000 0.000000
vt 0.134201 0.918953 0.000000
vt 0.134293 1.000000 0.000000
vt 0.201409 0.918953 0.000000
vt 0.201526 1.000000 0.000000
vt 0.268494 0.918953 0.000000
vt 0.268616 1.000000 0.000000
vt 0.335214 0.918953 0.000000
vt 0.335319 1.000000 0.000000
vt 0.401427 0.918953 0.000000
vt 0.401497 1.000000 0.000000
vt 0.467200 0.918953 0.000000
vt 0.467225 1.000000 0.000000
vt 0.532800 0.918953 0.000000
vt 0.532775 1.000000 0.000000
vt 0.598573 0.918953 0.000000
vt 0.598503 1.000000 0.000000
vt 0.664786 0.918953 0.000000
vt 0.664681 1.000000 0.000000
vt 0.731506 0.918953 0.000000
vt 0.731384 1.000000 0.000000
vt 0.798591 0.918953 0.000000
vt 0.798474 1.000000 0.000000
vt 0.865799 0.918953 0.000000
vt 0.865707 1.000000 0.000000
vt 0.932946 0.918953 0.000000
vt 0.932895 1.000000 0.000000
vt 1.000000 0.918953 0.000000
vt 1.000000 1.000000 0.000000
vt 0.067085 0.994310 0.000000
vt 0.000000 0.994310 0.000000
vt 0.134258 0.994310 0.000000
vt 0.201481 0.994310 0.000000
vt 0.268569 0.994310 0.000000
vt 0.335279 0.994310 0.000000
vt 0.401470 0.994310 0.000000
vt 0.467215 0.994310 0.000000
vt 0.532785 0.994310 0.000000
vt 0.598530 0.994310 0.000000
vt 0.664721 0.994310 0.000000
vt 0.731431 0.994310 0.000000
vt 0.798518 0.994310 0.000000
vt 0.865742 0.994310 0.000000
vt 0.932915 0.994310 0.000000
vt 1.000000 0.994310 0.000000
vt 0.067068 0.976262 0.000000
vt 0.000000 0.976262 0.000000
vt 0.067058 0.948786 0.000000
vt 0.000000 0.948786 0.000000
vt 0.134227 0.976262 0.000000
vt 0.134207 0.948786 0.000000
vt 0.201442 0.976262 0.000000
vt 0.201417 0.948786 0.000000
vt 0.268528 0.976262 0.000000
vt 0.268502 0.948786 0.000000
vt 0.335243 0.976262 0.000000
vt 0.335221 0.948786 0.000000
vt 0.401446 0.976262 0.000000
vt 0.401431 0.948786 0.000000
vt 0.467207 0.976262 0.000000
vt 0.467202 0.948786 0.000000
vt 0.532793 0.976262 0.000000
vt 0.532798 0.948786 0.000000
vt 0.598554 0.976262 0.000000
vt 0.598569 0.948786 0.000000
vt 0.664757 0.976262 0.000000
vt 0.664779 0.948786 0.000000
vt 0.731472 0.976262 0.000000
vt 0.731498 0.948786 0.000000
vt 0.798558 0.976262 0.000000
vt 0.798583 0.948786 0.000000
vt 0.865773 0.976262 0.000000
vt 0.865793 0.948786 0.000000
vt 0.932932 0.976262 0.000000
vt 0.932942 0.948786 0.000000
vt 1.000000 0.976262 0.000000
vt 1.000000 0.948786 0.000000
# 81 texture coordinates

o button_1
usemtl Mat.1_1
f 2362/211/1059 2360/308/1058 2358/209/1057
f 2362/211/1063 2392/1428/1062 2390/1427/1061 2360/308/1060
f 2393/1431/1066 2359/1430/1065 2391/1429/1064
f 2364/219/1067 2362/211/1059 2358/209/1057
f 2364/219/1069 2394/1432/1068 2392/1428/1062 2362/211/1063
f 2395/1433/1070 2359/1430/1065 2393/1431/1066
f 2366/224/1071 2364/219/1067 2358/209/1057
f 2366/224/1073 2396/1434/1072 2394/1432/1068 2364/219/1069
f 2397/1435/1074 2359/1430/1065 2395/1433/1070
f 2368/227/1075 2366/224/1071 2358/209/1057
f 2368/227/1077 2398/1436/1076 2396/1434/1072 2366/224/1073
f 2399/1437/1078 2359/1430/1065 2397/1435/1074
f 2370/230/1079 2368/227/1075 2358/209/1057
f 2370/230/1081 2400/1438/1080 2398/1436/1076 2368/227/1077
f 2401/1439/1082 2359/1430/1065 2399/1437/1078
f 2372/233/1083 2370/230/1079 2358/209/1057
f 2372/233/1085 2402/1440/1084 2400/1438/1080 2370/230/1081
f 2403/1441/1086 2359/1430/1065 2401/1439/1082
f 2374/236/1087 2372/233/1083 2358/209/1057
f 2374/236/1089 2404/1442/1088 2402/1440/1084 2372/233/1085
f 2405/1443/1090 2359/1430/1065 2403/1441/1086
f 2376/239/1091 2374/236/1087 2358/209/1057
f 2376/239/1093 2406/1444/1092 2404/1442/1088 2374/236/1089
f 2407/1445/1094 2359/1430/1065 2405/1443/1090
f 2378/242/1095 2376/239/1091 2358/209/1057
f 2378/242/1097 2408/1446/1096 2406/1444/1092 2376/239/1093
f 2409/1447/1098 2359/1430/1065 2407/1445/1094
f 2380/245/1099 2378/242/1095 2358/209/1057
f 2380/245/1101 2410/1448/1100 2408/1446/1096 2378/242/1097
f 2411/1449/1102 2359/1430/1065 2409/1447/1098
f 2382/248/1103 2380/245/1099 2358/209/1057
f 2382/248/1105 2412/1450/1104 2410/1448/1100 2380/245/1101
f 2413/1451/1106 2359/1430/1065 2411/1449/1102
f 2384/251/1107 2382/248/1103 2358/209/1057
f 2384/251/1109 2414/1452/1108 2412/1450/1104 2382/248/1105
f 2415/1453/1110 2359/1430/1065 2413/1451/1106
f 2386/254/1111 2384/251/1107 2358/209/1057
f 2386/254/1113 2416/1454/1112 2414/1452/1108 2384/251/1109
f 2417/1455/1114 2359/1430/1065 2415/1453/1110
f 2388/257/1115 2386/254/1111 2358/209/1057
f 2388/257/1117 2418/1456/1116 2416/1454/1112 2386/254/1113
f 2419/1457/1118 2359/1430/1065 2417/1455/1114
f 2360/308/1058 2388/257/1115 2358/209/1057
f 2360/210/1060 2390/1458/1061 2418/1456/1116 2388/257/1117
f 2391/1459/1064 2359/1430/1065 2419/1457/1118
f 2422/1461/1120 2423/1460/1119 2393/1431/1066 2391/1429/1064
f 2423/1460/1119 2426/1462/1121 2395/1433/1070 2393/1431/1066
f 2426/1462/1121 2429/1463/1122 2397/1435/1074 2395/1433/1070
f 2429/1463/1122 2432/1464/1123 2399/1437/1078 2397/1435/1074
f 2432/1464/1123 2435/1465/1124 2401/1439/1082 2399/1437/1078
f 2435/1465/1124 2438/1466/1125 2403/1441/1086 2401/1439/1082
f 2438/1466/1125 2441/1467/1126 2405/1443/1090 2403/1441/1086
f 2441/1467/1126 2444/1468/1127 2407/1445/1094 2405/1443/1090
f 2444/1468/1127 2447/1469/1128 2409/1447/1098 2407/1445/1094
f 2447/1469/1128 2389/1470/1129 2411/1449/1102 2409/1447/1098
f 2389/1470/1129 2383/1471/1130 2413/1451/1106 2411/1449/1102
f 2383/1471/1130 2377/1472/1131 2415/1453/1110 2413/1451/1106
f 2377/1472/1131 2371/1473/1132 2417/1455/1114 2415/1453/1110
f 2371/1473/1132 2365/1474/1133 2419/1457/1118 2417/1455/1114
f 2365/1474/1133 2422/1475/1120 2391/1459/1064 2419/1457/1118
f 2422/1461/1120 2421/1477/1135 2424/1476/1134 2423/1460/1119
f 2421/1477/1135 2420/1479/1137 2425/1478/1136 2424/1476/1134
f 2420/1479/1137 2390/1427/1061 2392/1428/1062 2425/1478/1136
f 2423/1460/1119 2424/1476/1134 2427/1480/1138 2426/1462/1121
f 2424/1476/1134 2425/1478/1136 2428/1481/1139 2427/1480/1138
f 2425/1478/1136 2392/1428/1062 2394/1432/1068 2428/1481/1139
f 2426/1462/1121 2427/1480/1138 2430/1482/1140 2429/1463/1122
f 2427/1480/1138 2428/1481/1139 2431/1483/1141 2430/1482/1140
f 2428/1481/1139 2394/1432/1068 2396/1434/1072 2431/1483/1141
f 2429/1463/1122 2430/1482/1140 2433/1484/1142 2432/1464/1123
f 2430/1482/1140 2431/1483/1141 2434/1485/1143 2433/1484/1142
f 2431/1483/1141 2396/1434/1072 2398/1436/1076 2434/1485/1143
f 2432/1464/1123 2433/1484/1142 2436/1486/1144 2435/1465/1124
f 2433/1484/1142 2434/1485/1143 2437/1487/1145 2436/1486/1144
f 2434/1485/1143 2398/1436/1076 2400/1438/1080 2437/1487/1145
f 2435/1465/1124 2436/1486/1144 2439/1488/1146 2438/1466/1125
f 2436/1486/1144 2437/1487/1145 2440/1489/1147 2439/1488/1146
f 2437/1487/1145 2400/1438/1080 2402/1440/1084 2440/1489/1147
f 2438/1466/1125 2439/1488/1146 2442/1490/1148 2441/1467/1126
f 2439/1488/1146 2440/1489/1147 2443/1491/1149 2442/1490/1148
f 2440/1489/1147 2402/1440/1084 2404/1442/1088 2443/1491/1149
f 2441/1467/1126 2442/1490/1148 2445/1492/1150 2444/1468/1127
f 2442/1490/1148 2443/1491/1149 2446/1493/1151 2445/1492/1150
f 2443/1491/1149 2404/1442/1088 2406/1444/1092 2446/1493/1151
f 2444/1468/1127 2445/1492/1150 2448/1494/1152 2447/1469/1128
f 2445/1492/1150 2446/1493/1151 2449/1495/1153 2448/1494/1152
f 2446/1493/1151 2406/1444/1092 2408/1446/1096 2449/1495/1153
f 2447/1469/1128 2448/1494/1152 2387/1496/1154 2389/1470/1129
f 2448/1494/1152 2449/1495/1153 2385/1497/1155 2387/1496/1154
f 2449/1495/1153 2408/1446/1096 2410/1448/1100 2385/1497/1155
f 2389/1470/1129 2387/1496/1154 2381/1498/1156 2383/1471/1130
f 2387/1496/1154 2385/1497/1155 2379/1499/1157 2381/1498/1156
f 2385/1497/1155 2410/1448/1100 2412/1450/1104 2379/1499/1157
f 2383/1471/1130 2381/1498/1156 2375/1500/1158 2377/1472/1131
f 2381/1498/1156 2379/1499/1157 2373/1501/1159 2375/1500/1158
f 2379/1499/1157 2412/1450/1104 2414/1452/1108 2373/1501/1159
f 2377/1472/1131 2375/1500/1158 2369/1502/1160 2371/1473/1132
f 2375/1500/1158 2373/1501/1159 2367/1503/1161 2369/1502/1160
f 2373/1501/1159 2414/1452/1108 2416/1454/1112 2367/1503/1161
f 2371/1473/1132 2369/1502/1160 2363/1504/1162 2365/1474/1133
f 2369/1502/1160 2367/1503/1161 2361/1505/1163 2363/1504/1162
f 2367/1503/1161 2416/1454/1112 2418/1456/1116 2361/1505/1163
f 2365/1474/1133 2363/1504/1162 2421/1506/1135 2422/1475/1120
f 2363/1504/1162 2361/1505/1163 2420/1507/1137 2421/1506/1135
f 2361/1505/1163 2418/1456/1116 2390/1458/1061 2420/1507/1137

